pinIds,sourceState,sourceAgency,sourceSiteName,imageTitle,imagePath,reason
jr_washington_d_c_national_mall_and_memorial_parks,,National Park Service,National Mall and Memorial Parks,4th of july wooden,/Users/carterswarm/Downloads/JR_Rewards_Badges/National Park Service/Washington DC/054 - 4th of july wooden.jpeg - e2a2f81254.jpg,Image title did not match mapped site tokens
jr_washington_d_c_president_s_park,,National Park Service,President's Park (White House),Prez Park wooden,/Users/carterswarm/Downloads/JR_Rewards_Badges/National Park Service/Washington DC/018 - Prez Park wooden.jpeg - 527eeb2bfd.jpg,Image title did not match mapped site tokens
jr_alabama_horseshoe_bend_nmp,Alabama,National Park Service,Horseshoe Bend National Military Park,Dayton wings Fairchild,/Users/carterswarm/Downloads/JR_Rewards_Badges/And/Alabama/033 - Dayton wings Fairchild.jpeg - 8259188779.jpg,Image title did not match mapped site tokens
jr_alabama_horseshoe_bend_nmp,Alabama,National Park Service,Horseshoe Bend National Military Park,wings,/Users/carterswarm/Downloads/JR_Rewards_Badges/And/Alabama/034 - wings.jpeg - b25fcdfa02.jpg,Image title did not match mapped site tokens
jr_alabama_horseshoe_bend_nmp,Alabama,National Park Service,Horseshoe Bend National Military Park,Aero,/Users/carterswarm/Downloads/JR_Rewards_Badges/And/Alabama/035 - Aero.jpeg - eb87ca971c.jpg,Image title did not match mapped site tokens
jr_alaska_alaska_public_lands_information_center,Alaska,National Park Service,Alaska Public Lands Information Center,National Trails,/Users/carterswarm/Downloads/JR_Rewards_Badges/Stickers/_Agency Header/098 - National Trails - 9568d99477.jpg,Image title did not match mapped site tokens
jr_alaska_gates_of_the_arctic_np_and_pr_arctic_interagency_visitor_center,Alaska,National Park Service,Arctic Interagency Visitor Center,National Trails,/Users/carterswarm/Downloads/JR_Rewards_Badges/Stickers/_Agency Header/221 - National Trails - 12913e7f86.jpg,"Visitor-center sign/header image, not a badge"
jr_alaska_glacier_bay_np_and_pr,Alaska,National Park Service,Glacier Bay National Park and Preserve,National Trails,/Users/carterswarm/Downloads/JR_Rewards_Badges/Stickers/_Agency Header/149 - National Trails - 14491b6e1c.jpg,Image title did not match mapped site tokens
jr_alaska_katmai_np_and_pr,Alaska,National Park Service,Katmai National Park and Preserve,No so,/Users/carterswarm/Downloads/JR_Rewards_Badges/National Park Service/Alaska/079 - No so.jpeg - 08ec7c5557.jpg,Image title did not match mapped site tokens
jr_alaska_kenai_fjords_np,Alaska,National Park Service,Kenai Fjords National Park and Preserve,Inupiat Center,/Users/carterswarm/Downloads/JR_Rewards_Badges/National Park Service/Alaska/098 - Inupiat Center.jpeg - c56360a561.jpg,Image title did not match mapped site tokens
jr_alaska_kenai_fjords_np,Alaska,National Park Service,Kenai Fjords National Park and Preserve,Inupiat patch,/Users/carterswarm/Downloads/JR_Rewards_Badges/National Park Service/Alaska/100 - Inupiat patch.jpeg - fede4c628d.jpg,Image title did not match mapped site tokens
jr_alaska_kenai_fjords_np,Alaska,National Park Service,Kenai Fjords National Park and Preserve,Jun Wha,/Users/carterswarm/Downloads/JR_Rewards_Badges/National Park Service/Alaska/101 - Jun Wha.jpeg - ed2da0177c.jpg,Image title did not match mapped site tokens
jr_alaska_sitka_nhp,Alaska,National Park Service,Sitka National Historical Park,4-23-22 Junior Ranger Day 2023 Junior Rangers had the opportunity to ear,/Users/carterswarm/Downloads/JR_Rewards_Badges/National Park Service/Alaska/037 - 4-23-22 Junior Ranger Day 2023 Junior Rangers had the opportunity to ear - dffca7888c.jpg,Image title did not match mapped site tokens
jr_alaska_western_arctic_national_parklands,Alaska,National Park Service,Western Arctic National Parklands,National Trails,/Users/carterswarm/Downloads/JR_Rewards_Badges/Stickers/_Agency Header/150 - National Trails - 03885f0d79.jpg,Image title did not match mapped site tokens
jr_arizona_chiricahua_nm,Arizona,National Park Service,Chiricahua National Monument,Chira,/Users/carterswarm/Downloads/JR_Rewards_Badges/National Park Service/Arizona/006 - Chira.jpeg - 300f7c9bfb.jpg,Image title did not match mapped site tokens
jr_arizona_grand_canyon_np,Arizona,National Park Service,Grand Canyon National Park,Nor Rim,/Users/carterswarm/Downloads/JR_Rewards_Badges/National Park Service/Arizona/028 - Nor Rim.jpeg - 1ae7b49d32.jpg,Image title did not match mapped site tokens
jr_arizona_navajo_nm,Arizona,National Park Service,Navajo National Monument,National Trails,/Users/carterswarm/Downloads/JR_Rewards_Badges/Stickers/_Agency Header/152 - National Trails - 7bf7baf7e4.jpg,Image title did not match mapped site tokens
jr_arizona_walnut_canyon_nm,Arizona,National Park Service,Walnut Canyon National Monument,National Trails,/Users/carterswarm/Downloads/JR_Rewards_Badges/Stickers/_Agency Header/154 - National Trails - 16081f7672.jpg,Image title did not match mapped site tokens
jr_arkansas_arkansas_post_nm,Arkansas,National Park Service,Arkansas Post National Memorial,National Trails,/Users/carterswarm/Downloads/JR_Rewards_Badges/Stickers/_Agency Header/168 - National Trails - dfb8c6fae8.jpg,Image title did not match mapped site tokens
jr_arkansas_fort_smith_nhs,Arkansas,National Park Service,"Fort Smith National Historic Site, AR, OK",Generic,/Users/carterswarm/Downloads/JR_Rewards_Badges/Bark Ranger/_Agency Header/046 - Generic - 89109ddf22.jpg,Image title did not match mapped site tokens
jr_arkansas_president_william_jefferson_clinton_birthplace_home_nhs,Arkansas,National Park Service,President William Jefferson Clinton Birthplace Home National Historic Site,Decennial Patch,/Users/carterswarm/Downloads/JR_Rewards_Badges/National Park Service/Arkansas/027 - Decennial Patch.jpeg - 733c128f5c.jpg,Image title did not match mapped site tokens
jr_california_golden_gate_nra,California,National Park Service,Golden Gate National Recreation Area,Marin,/Users/carterswarm/Downloads/JR_Rewards_Badges/National Park Service/California/142 - Marin.jpeg - 6b3796bbaa.jpg,Image title did not match mapped site tokens
jr_california_lassen_volcanic_np,California,National Park Service,Lassen Volcanic National Park,Firefighter,/Users/carterswarm/Downloads/JR_Rewards_Badges/National Park Service/California/121 - Firefighter.jpeg - 46b6534afe.jpg,Image title did not match mapped site tokens
jr_california_mojave_npr,California,National Park Service,Mojave National Preserve,Pinnacles Condor NM patch,/Users/carterswarm/Downloads/JR_Rewards_Badges/National Park Service/California/259 - Pinnacles Condor NM patch.jpeg - 9c9e8fedf6.jpg,Image title did not match mapped site tokens
jr_colorado_black_canyon_of_the_gunnison_np,Colorado,National Park Service,Black Canyon Of The Gunnison National Park,Cure sticker,/Users/carterswarm/Downloads/JR_Rewards_Badges/National Park Service/Colorado/088 - Cure sticker.jpeg - 753727d3af.jpg,Image title did not match mapped site tokens
jr_colorado_black_canyon_of_the_gunnison_np,Colorado,National Park Service,Black Canyon Of The Gunnison National Park,curecanti sticker,/Users/carterswarm/Downloads/JR_Rewards_Badges/National Park Service/Colorado/089 - curecanti sticker.jpeg - 11ad6ae367.jpg,Image title did not match mapped site tokens
jr_colorado_black_canyon_of_the_gunnison_np,Colorado,National Park Service,Black Canyon Of The Gunnison National Park,curecanti wooden,/Users/carterswarm/Downloads/JR_Rewards_Badges/National Park Service/Colorado/090 - curecanti wooden.jpeg - 56e31bcf2a.jpg,Image title did not match mapped site tokens
jr_colorado_black_canyon_of_the_gunnison_np,Colorado,National Park Service,Black Canyon Of The Gunnison National Park,Curecanti platic badge,/Users/carterswarm/Downloads/JR_Rewards_Badges/National Park Service/Colorado/091 - Curecanti platic badge.jpeg - 400f6520db.jpg,Image title did not match mapped site tokens
jr_florida_de_soto_nm,Florida,National Park Service,De Soto National Memorial,desoto coin,/Users/carterswarm/Downloads/JR_Rewards_Badges/National Park Service/Florida/047 - desoto coin.jpeg - f59f327128.jpg,Image title did not match mapped site tokens
jr_florida_de_soto_nm,Florida,National Park Service,De Soto National Memorial,Desoto wooden badge2,/Users/carterswarm/Downloads/JR_Rewards_Badges/National Park Service/Florida/048 - Desoto wooden badge2.jpeg - b81d74491f.jpg,Image title did not match mapped site tokens
jr_florida_de_soto_nm,Florida,National Park Service,De Soto National Memorial,Desoto fishing badge,/Users/carterswarm/Downloads/JR_Rewards_Badges/National Park Service/Florida/049 - Desoto fishing badge.jpeg - 2a0e5fe6bd.jpg,Image title did not match mapped site tokens
jr_florida_de_soto_nm,Florida,National Park Service,De Soto National Memorial,Desoto summer badge,/Users/carterswarm/Downloads/JR_Rewards_Badges/National Park Service/Florida/050 - Desoto summer badge.jpeg - cdaeae683f.jpg,Image title did not match mapped site tokens
jr_florida_everglades_np,Florida,National Park Service,Everglades National Park,Florida,/Users/carterswarm/Downloads/JR_Rewards_Badges/Prototypes/Florida/016 - Florida - 506d5962f9.jpg,Image title did not match mapped site tokens
jr_florida_fort_caroline_nm,Florida,National Park Service,Fort Caroline National Memorial,Generic,/Users/carterswarm/Downloads/JR_Rewards_Badges/Bark Ranger/_Agency Header/036 - Generic - 1ef6fdebc1.jpg,Image title did not match mapped site tokens
jr_georgia_chattahoochee_river_nra,Georgia,National Park Service,Chattahoochee River National Recreation Area,chattNRA,/Users/carterswarm/Downloads/JR_Rewards_Badges/National Park Service/Georgia/039 - chattNRA.jpeg - 982c211f5c.jpg,Image title did not match mapped site tokens
jr_georgia_chattahoochee_river_nra,Georgia,National Park Service,Chattahoochee River National Recreation Area,Generic,/Users/carterswarm/Downloads/JR_Rewards_Badges/Bark Ranger/_Agency Header/062 - Generic - 6b20209cfe.jpg,Image title did not match mapped site tokens
jr_georgia_chickamauga_and_chattanooga_nmp,Georgia,National Park Service,Chickamauga and Chattanooga National Military Park,National Park Map 7-1-19,/Users/carterswarm/Downloads/JR_Rewards_Badges/Other National Agencies/_Agency Header/001 - National Park Map 7-1-19.jpeg - 4f416e1845.jpg,Image title did not match mapped site tokens
jr_georgia_fort_frederica_nm,Georgia,National Park Service,Fort Frederica National Monument,Generic,/Users/carterswarm/Downloads/JR_Rewards_Badges/Bark Ranger/_Agency Header/037 - Generic - 510f28b342.jpg,Image title did not match mapped site tokens
jr_hawaii_haleakal_np,Hawaii,National Park Service,Haleakalā National Park,Halo wooden,/Users/carterswarm/Downloads/JR_Rewards_Badges/National Park Service/Hawaii/044 - Halo wooden.jpeg - fd8cd2b573.jpg,Image title did not match mapped site tokens
jr_hawaii_pearl_harbor_nm,Hawaii,National Park Service,Pearl Harbor National Memorial,USS Arizona badge3,/Users/carterswarm/Downloads/JR_Rewards_Badges/National Park Service/Hawaii/014 - USS Arizona badge3.jpeg - fd9533409c.jpg,Image title did not match mapped site tokens
jr_hawaii_pu_ukohol_heiau_nhs,Hawaii,National Park Service,Pu`ukoholā Heiau National Historic Site,Kupuna,/Users/carterswarm/Downloads/JR_Rewards_Badges/National Park Service/Hawaii/023 - Kupuna.jpeg - bd0b23a683.jpg,Image title did not match mapped site tokens
jr_hawaii_pu_ukohol_heiau_nhs,Hawaii,National Park Service,Pu`ukoholā Heiau National Historic Site,Puu,/Users/carterswarm/Downloads/JR_Rewards_Badges/National Park Service/Hawaii/025 - Puu.jpeg - dd639daa8f.jpg,Image title did not match mapped site tokens
jr_idaho_city_of_rocks_nr,Idaho,National Park Service,City Of Rocks National Reserve,National Park Junior Ranger Virtual Programs,/Users/carterswarm/Downloads/JR_Rewards_Badges/Virtual/_Agency Header/051 - National Park Junior Ranger Virtual Programs - 56b276070b.png,Image title did not match mapped site tokens
jr_illinois_pullman_nhp,Illinois,National Park Service,Pullman National Historical Park,National Trails,/Users/carterswarm/Downloads/JR_Rewards_Badges/Stickers/_Agency Header/172 - National Trails - b7c9af51be.jpg,Image title did not match mapped site tokens
jr_indiana_george_rogers_clark_nhp,Indiana,National Park Service,George Rogers Clark National Historical Park,GRC cent Badge,/Users/carterswarm/Downloads/JR_Rewards_Badges/National Park Service/Indiana/032 - GRC cent Badge.jpeg - ab97f4a4ff.jpg,Image title did not match mapped site tokens
jr_indiana_george_rogers_clark_nhp,Indiana,National Park Service,George Rogers Clark National Historical Park,GRC Junior Ragner Series patch,/Users/carterswarm/Downloads/JR_Rewards_Badges/National Park Service/Indiana/033 - GRC Junior Ragner Series patch.jpeg - 2152ccc74d.jpg,Image title did not match mapped site tokens
jr_indiana_george_rogers_clark_nhp,Indiana,National Park Service,George Rogers Clark National Historical Park,GRC cent Badge,/Users/carterswarm/Downloads/JR_Rewards_Badges/Centennial/_Agency Header/051 - GRC cent Badge.jpeg - ab97f4a4ff.jpg,Image title did not match mapped site tokens
jr_indiana_indiana_dunes_np,Indiana,National Park Service,"Indiana Dunes National Lakeshore, before February 15, 2019",National Trails,/Users/carterswarm/Downloads/JR_Rewards_Badges/Stickers/_Agency Header/114 - National Trails - 070d401e8d.jpg,Image title did not match mapped site tokens
jr_indiana_indiana_dunes_np,Indiana,National Park Service,"Indiana Dunes National Lakeshore, before February 15, 2019",National Trails,/Users/carterswarm/Downloads/JR_Rewards_Badges/Stickers/_Agency Header/117 - National Trails - 7cadd6b8a5.jpg,Image title did not match mapped site tokens
jr_pentathlon_card_mammoth_cave_np,Kentucky,National Park Service,Mammoth Cave National Historical Park,Man pat2,/Users/carterswarm/Downloads/JR_Rewards_Badges/National Park Service/Kentucky/013 - Man pat2.jpeg - c1ccd633a7.jpg,Image title did not match mapped site tokens
jr_pentathlon_card_mammoth_cave_np,Kentucky,National Park Service,Mammoth Cave National Historical Park,waco,/Users/carterswarm/Downloads/JR_Rewards_Badges/Bark Ranger/_Agency Header/168 - waco.jpeg - 24355e653e.jpg,Image title did not match mapped site tokens
jr_pentathlon_card_mill_springs_battlefield_nm,Kentucky,National Park Service,Mill Springs Battlefield National Monument,Hot Spi,/Users/carterswarm/Downloads/JR_Rewards_Badges/Bark Ranger/_Agency Header/078 - Hot Spi.jpeg - 97ffdfc3dc.jpg,Image title did not match mapped site tokens
jr_maine_acadia_np,Maine,National Park Service,Acadia National Park,Camp,/Users/carterswarm/Downloads/JR_Rewards_Badges/And/Maine/101 - Camp.jpeg - 12c94e48d2.jpg,Image title did not match mapped site tokens
jr_maine_acadia_np,Maine,National Park Service,Acadia National Park,Centennial,/Users/carterswarm/Downloads/JR_Rewards_Badges/Centennial/_Agency Header/043 - Centennial.jpeg - c5ec90d589.jpg,Image title did not match mapped site tokens
jr_maine_acadia_np,Maine,National Park Service,Acadia National Park,Centennial,/Users/carterswarm/Downloads/JR_Rewards_Badges/National Park Service/Maine/004 - Centennial.jpeg - c5ec90d589.jpg,Image title did not match mapped site tokens
jr__fort_mchenry_nm_and_historical_shrine,Maryland,National Park Service,Fort McHenry National Monument and Historic Shrine,Generic,/Users/carterswarm/Downloads/JR_Rewards_Badges/Bark Ranger/_Agency Header/041 - Generic - 686621e4ab.jpg,Image title did not match mapped site tokens
jr__fort_washington_park,Maryland,National Park Service,Fort Washington Park,Generic,/Users/carterswarm/Downloads/JR_Rewards_Badges/Bark Ranger/_Agency Header/061 - Generic - 1041053b16.jpg,Image title did not match mapped site tokens
jr__oxon_cove_park_and_oxon_hill_farm,Maryland,National Park Service,Oxon Cove Park and Oxon Hill Farm,Piscataway Badge,/Users/carterswarm/Downloads/JR_Rewards_Badges/National Park Service/Maryland/087 - Piscataway Badge.jpeg - 8f71e6d92f.jpg,Image title did not match mapped site tokens
jr__thomas_stone_nhs,Maryland,National Park Service,Thomas Stone National Historic Site,National Park Junior Ranger Virtual Programs,/Users/carterswarm/Downloads/JR_Rewards_Badges/Virtual/_Agency Header/053 - National Park Junior Ranger Virtual Programs - aea9bb556e.png,Image title did not match mapped site tokens
jr_massachusetts_boston_nhp,Massachusetts,National Park Service,Boston National Historical Park,Citizen Scientist,/Users/carterswarm/Downloads/JR_Rewards_Badges/National Park Service/Massachusetts/011 - Citizen Scientist.jpeg - e6255035cd.jpg,Image title did not match mapped site tokens
jr_massachusetts_cape_cod_ns,Massachusetts,National Park Service,Cape Cod National Seashore,Essex,/Users/carterswarm/Downloads/JR_Rewards_Badges/National Park Service/Massachusetts/054 - Essex.jpeg - d2fe417fa1.jpg,Image title did not match mapped site tokens
jr_massachusetts_new_bedford_whaling_nhp,Massachusetts,National Park Service,New Bedford Whaling National Historical Park,fred,/Users/carterswarm/Downloads/JR_Rewards_Badges/National Park Service/Massachusetts/076 - fred.jpeg - 6b7e2d191f.jpg,Image title did not match mapped site tokens
jr_michigan_keweenaw_nhp,Michigan,National Park Service,Keweenaw National Historical Park,Ken Stick,/Users/carterswarm/Downloads/JR_Rewards_Badges/National Park Service/Michigan/015 - Ken Stick.jpeg - 631c3b14cf.jpg,Image title did not match mapped site tokens
jr_missouri_gateway_arch_np,Missouri,National Park Service,Gateway Arch National Park,Jeff Memorial badge4,/Users/carterswarm/Downloads/JR_Rewards_Badges/National Park Service/Missouri/003 - Jeff Memorial badge4.jpeg - ca2d6fad44.jpg,Image title did not match mapped site tokens
jr_missouri_gateway_arch_np,Missouri,National Park Service,Gateway Arch National Park,Jeff Memorial courthouse,/Users/carterswarm/Downloads/JR_Rewards_Badges/National Park Service/Missouri/004 - Jeff Memorial courthouse.jpeg - 1a10cb4b80.jpg,Image title did not match mapped site tokens
jr_missouri_gateway_arch_np,Missouri,National Park Service,Gateway Arch National Park,Women,/Users/carterswarm/Downloads/JR_Rewards_Badges/National Park Service/Missouri/006 - Women.jpeg - 3317ce4065.jpg,Image title did not match mapped site tokens
jr_missouri_ulysses_s_grant_nhs,Missouri,National Park Service,Ulysses S Grant National Historic Site,Ul SLD,/Users/carterswarm/Downloads/JR_Rewards_Badges/National Park Service/Missouri/033 - Ul SLD.jpeg - c8a3991ea2.jpg,Image title did not match mapped site tokens
jr_montana_glacier_np,Montana,National Park Service,Glacier National Park,JJ,/Users/carterswarm/Downloads/JR_Rewards_Badges/National Park Service/Montana/017 - JJ.jpeg - b3873821d9.jpg,Image title did not match mapped site tokens
jr_nebraska_scotts_bluff_nm,Nebraska,National Park Service,Scotts Bluff National Monument,Crater Lake National Park,/Users/carterswarm/Downloads/JR_Rewards_Badges/Virtual/_Agency Header/029 - Crater Lake National Park - 935919c9c5.jpg,Image title did not match mapped site tokens
jr_new_mexico_aztec_ruins_nm,New Mexico,National Park Service,Aztec Ruins National Monument,At wooden,/Users/carterswarm/Downloads/JR_Rewards_Badges/National Park Service/New Mexico/051 - At wooden.jpeg - 75f591b889.jpg,Image title did not match mapped site tokens
jr_new_mexico_aztec_ruins_nm,New Mexico,National Park Service,Aztec Ruins National Monument,Band wooden,/Users/carterswarm/Downloads/JR_Rewards_Badges/National Park Service/New Mexico/058 - Band wooden.jpeg - 0851c44c2e.jpg,Image title did not match mapped site tokens
jr_new_mexico_carlsbad_caverns_np,New Mexico,National Park Service,Carlsbad Caverns National Park,senior ranger,/Users/carterswarm/Downloads/JR_Rewards_Badges/National Park Service/New Mexico/037 - senior ranger.jpeg - 8bd5a577e4.jpg,Image title did not match mapped site tokens
jr_new_mexico_fort_union_nm,New Mexico,National Park Service,Fort Union National Monument,National Trails,/Users/carterswarm/Downloads/JR_Rewards_Badges/Stickers/_Agency Header/119 - National Trails - c4d58b83df.jpg,Image title did not match mapped site tokens
jr_new_mexico_fort_union_nm,New Mexico,National Park Service,Fort Union National Monument,Generic,/Users/carterswarm/Downloads/JR_Rewards_Badges/Bark Ranger/_Agency Header/047 - Generic - 4c7f9cc642.jpg,Image title did not match mapped site tokens
jr_new_mexico_gila_cliff_dwellings_nm,New Mexico,National Park Service,Gila Cliff Dwellings National Monument,National Trails,/Users/carterswarm/Downloads/JR_Rewards_Badges/Stickers/_Agency Header/122 - National Trails - edd11fd902.jpg,Image title did not match mapped site tokens
jr_new_mexico_salinas_pueblo_mission_nm,New Mexico,National Park Service,Salinas Pueblo Missions National Monument,Carlsbad Bat Bio,/Users/carterswarm/Downloads/JR_Rewards_Badges/National Park Service/New Mexico/028 - Carlsbad Bat Bio.jpeg - 6a662f28c5.jpg,Image title did not match mapped site tokens
jr_new_mexico_salinas_pueblo_mission_nm,New Mexico,National Park Service,Salinas Pueblo Missions National Monument,Carlsbad,/Users/carterswarm/Downloads/JR_Rewards_Badges/National Park Service/New Mexico/030 - Carlsbad.jpeg - 3b481281e0.jpg,Image title did not match mapped site tokens
jr_new_mexico_valles_caldera_npr,New Mexico,National Park Service,Valles Caldera National Preserve,Aztec Ruins 2 stars,/Users/carterswarm/Downloads/JR_Rewards_Badges/National Park Service/New Mexico/048 - Aztec Ruins 2 stars.jpeg - 22f413ffad.jpg,Image title did not match mapped site tokens
jr_new_mexico_valles_caldera_npr,New Mexico,National Park Service,Valles Caldera National Preserve,Aztec Ruins,/Users/carterswarm/Downloads/JR_Rewards_Badges/National Park Service/New Mexico/049 - Aztec Ruins .jpeg - 7dda94b6f1.jpg,Image title did not match mapped site tokens
jr_new_york_african_burial_ground_nm,New York,National Park Service,African Burial Ground National Monument,Coin2,/Users/carterswarm/Downloads/JR_Rewards_Badges/And/New York/111 - Coin2.jpeg - dcfcbea09f.jpg,Image title did not match mapped site tokens
jr_new_york_african_burial_ground_nm,New York,National Park Service,African Burial Ground National Monument,Coin3,/Users/carterswarm/Downloads/JR_Rewards_Badges/And/New York/112 - Coin3.jpeg - 62346780ed.jpg,Image title did not match mapped site tokens
jr_new_york_fire_island_ns,New York,National Park Service,Fire Island National Seashore,Generic,/Users/carterswarm/Downloads/JR_Rewards_Badges/Bark Ranger/_Agency Header/048 - Generic - 7f0e89000a.jpg,Image title did not match mapped site tokens
jr_new_york_fort_stanwix_nm,New York,National Park Service,Fort Stanwix National Monument,Federal Hall badge4,/Users/carterswarm/Downloads/JR_Rewards_Badges/National Park Service/New York/042 - Federal Hall badge4.jpeg - 04197b5251.jpg,Image title did not match mapped site tokens
jr_new_york_fort_stanwix_nm,New York,National Park Service,Fort Stanwix National Monument,Fedral Hall old pin,/Users/carterswarm/Downloads/JR_Rewards_Badges/National Park Service/New York/043 - Fedral Hall old pin.jpeg - 2c8779e1f9.jpg,Image title did not match mapped site tokens
jr_new_york_fort_stanwix_nm,New York,National Park Service,Fort Stanwix National Monument,Generic,/Users/carterswarm/Downloads/JR_Rewards_Badges/Bark Ranger/_Agency Header/050 - Generic - d5cbf60289.jpg,Image title did not match mapped site tokens
jr_across_gateway_nra,New York,National Park Service,Gateway National Recreation Area,50th pin,/Users/carterswarm/Downloads/JR_Rewards_Badges/And/New York/117 - 50th pin.jpeg - f8ff1b3a43.jpg,Image title did not match mapped site tokens
jr_new_york_home_of_franklin_d_roosevelt_nhs,New York,National Park Service,Home Of Franklin D Roosevelt National Historic Site,FDR wooden badge,/Users/carterswarm/Downloads/JR_Rewards_Badges/National Park Service/New York/090 - FDR wooden badge.jpeg - a4a958fe5d.jpg,Image title did not match mapped site tokens
jr_new_york_home_of_franklin_d_roosevelt_nhs,New York,National Park Service,Home Of Franklin D Roosevelt National Historic Site,FDR Van El Senior Badge,/Users/carterswarm/Downloads/JR_Rewards_Badges/National Park Service/New York/091 - FDR Van El Senior Badge.jpeg - 198e039c4f.jpg,Image title did not match mapped site tokens
jr_new_york_niagara_falls_nha,New York,National Park Service,Niagara Falls National Heritage Area,Tesla,/Users/carterswarm/Downloads/JR_Rewards_Badges/National Park Service/New York/100 - Tesla.jpeg - 9f46054939.jpg,Image title did not match mapped site tokens
jr_new_york_niagara_falls_nha,New York,National Park Service,Niagara Falls National Heritage Area,Harriet Tubman,/Users/carterswarm/Downloads/JR_Rewards_Badges/National Park Service/New York/101 - Harriet Tubman.jpeg - d84d6665dc.jpg,Image title did not match mapped site tokens
jr_north_carolina_wright_brothers_nm,North Carolina,National Park Service,Wright Brothers National Memorial,Junior Aviator,/Users/carterswarm/Downloads/JR_Rewards_Badges/National Park Service/North Carolina/031 - Junior Aviator.jpeg - 1278cf26f3.jpg,Image title did not match mapped site tokens
jr_north_dakota_fort_union_trading_post_nhs,North Dakota,National Park Service,"Fort Union Trading Post National Historic Site, MT,ND",Knife River Badge1,/Users/carterswarm/Downloads/JR_Rewards_Badges/National Park Service/North Dakota/016 - Knife River Badge1.jpeg - 45e740b917.jpg,Image title did not match mapped site tokens
jr_north_dakota_fort_union_trading_post_nhs,North Dakota,National Park Service,"Fort Union Trading Post National Historic Site, MT,ND",Knife River Lifeways,/Users/carterswarm/Downloads/JR_Rewards_Badges/National Park Service/North Dakota/018 - Knife River Lifeways.jpeg - e6fa0fa94c.jpg,Image title did not match mapped site tokens
jr_ohio_charles_young_buffalo_soldiers_nm,Ohio,National Park Service,Charles Young Buffalo Soldiers National Monument,Kennedy,/Users/carterswarm/Downloads/JR_Rewards_Badges/National Park Service/Ohio/073 - Kennedy.jpeg - 75206a1950.jpg,Image title did not match mapped site tokens
jr_ohio_charles_young_buffalo_soldiers_nm,Ohio,National Park Service,Charles Young Buffalo Soldiers National Monument,Generic,/Users/carterswarm/Downloads/JR_Rewards_Badges/Bark Ranger/_Agency Header/066 - Generic - ae5c1362de.jpg,Image title did not match mapped site tokens
jr_ohio_dayton_aviation_heritage_nhp,Ohio,National Park Service,Dayton Aviation Heritage National Historical Park,Huffman to the Moon,/Users/carterswarm/Downloads/JR_Rewards_Badges/National Park Service/Ohio/008 - Huffman to the Moon.jpeg - 850f2e57a8.jpg,Image title did not match mapped site tokens
jr_ohio_hopewell_culture_nhs,Ohio,National Park Service,Hopewell Culture National Historical Park,Barbara Bush,/Users/carterswarm/Downloads/JR_Rewards_Badges/National Park Service/Ohio/044 - Barbara Bush.jpeg - e024c032dc.jpg,Image title did not match mapped site tokens
jr_ohio_hopewell_culture_nhs,Ohio,National Park Service,Hopewell Culture National Historical Park,Clinton,/Users/carterswarm/Downloads/JR_Rewards_Badges/National Park Service/Ohio/045 - Clinton.jpeg - d0e3ad91c0.jpg,Image title did not match mapped site tokens
jr_oklahoma_oklahoma_city_nm,Oklahoma,National Park Service,Oklahoma City National Memorial,National Trails,/Users/carterswarm/Downloads/JR_Rewards_Badges/Stickers/_Agency Header/158 - National Trails - 6efdfa6ec7.jpg,Image title did not match mapped site tokens
jr_oklahoma_oklahoma_city_nm,Oklahoma,National Park Service,Oklahoma City National Memorial,Washita 25 ann patch,/Users/carterswarm/Downloads/JR_Rewards_Badges/And/Oklahoma/127 - Washita 25 ann patch.jpeg - d6da5bbcb5.jpg,Image title did not match mapped site tokens
jr_oklahoma_oklahoma_city_nm,Oklahoma,National Park Service,Oklahoma City National Memorial,Washita 25 ann coin,/Users/carterswarm/Downloads/JR_Rewards_Badges/And/Oklahoma/128 - Washita 25 ann coin.jpeg - c338d5ef21.jpg,Image title did not match mapped site tokens
jr_oregon_john_day_fossil_beds_nm,Oregon,National Park Service,John Day Fossil Beds National Monument,JDFB dont hurt the dirt,/Users/carterswarm/Downloads/JR_Rewards_Badges/And/Oregon/129 - JDFB dont hurt the dirt.jpeg - e7a9b0af1d.jpg,Image title did not match mapped site tokens
jr_oregon_oregon_caves_nm_and_pr,Oregon,National Park Service,Oregon Caves National Monument and Preserve,I know they look alike but the one on the left is darker in color and ha,/Users/carterswarm/Downloads/JR_Rewards_Badges/National Park Service/Oregon/020 - I know they look alike but the one on the left is darker in color and ha - 3a4b05dc91.jpg,Image title did not match mapped site tokens
jr_oregon_oregon_caves_nm_and_pr,Oregon,National Park Service,Oregon Caves National Monument and Preserve,I know they look alike but the one on the left is darker in color and ha,/Users/carterswarm/Downloads/JR_Rewards_Badges/National Park Service/Oregon/021 - I know they look alike but the one on the left is darker in color and ha - 586eb1b6da.jpg,Image title did not match mapped site tokens
jr_oregon_oregon_caves_nm_and_pr,Oregon,National Park Service,Oregon Caves National Monument and Preserve,I know they look alike but the one on the left is darker in color and ha,/Users/carterswarm/Downloads/JR_Rewards_Badges/National Park Service/Oregon/022 - I know they look alike but the one on the left is darker in color and ha - ac82086a35.jpg,Image title did not match mapped site tokens
jr_oregon_oregon_caves_nm_and_pr,Oregon,National Park Service,Oregon Caves National Monument and Preserve,I know they look alike but the one on the left is darker in color and ha,/Users/carterswarm/Downloads/JR_Rewards_Badges/National Park Service/Oregon/023 - I know they look alike but the one on the left is darker in color and ha - fe734904aa.jpg,Image title did not match mapped site tokens
jr_oregon_oregon_caves_nm_and_pr,Oregon,National Park Service,Oregon Caves National Monument and Preserve,I know they look alike but the one on the left is darker in color and ha,/Users/carterswarm/Downloads/JR_Rewards_Badges/National Park Service/Oregon/024 - I know they look alike but the one on the left is darker in color and ha - 9fef7bd5e9.jpg,Image title did not match mapped site tokens
jr_oregon_oregon_caves_nm_and_pr,Oregon,National Park Service,Oregon Caves National Monument and Preserve,Big Tree Trail,/Users/carterswarm/Downloads/JR_Rewards_Badges/And/Oregon/132 - Big Tree Trail.jpeg - a50b3da89c.jpg,Image title did not match mapped site tokens
jr_oregon_oregon_caves_nm_and_pr,Oregon,National Park Service,Oregon Caves National Monument and Preserve,No Name Trail,/Users/carterswarm/Downloads/JR_Rewards_Badges/And/Oregon/133 - No Name Trail.jpeg - ba82909615.jpg,Image title did not match mapped site tokens
jr_oregon_oregon_caves_nm_and_pr,Oregon,National Park Service,Oregon Caves National Monument and Preserve,Big Tree,/Users/carterswarm/Downloads/JR_Rewards_Badges/And/Oregon/134 - Big Tree.jpeg - 4fc6207c77.jpg,Image title did not match mapped site tokens
jr_pennsylvania_eisenhower_nhs,Pennsylvania,National Park Service,Eisenhower National Historic Site,Eiseh sta,/Users/carterswarm/Downloads/JR_Rewards_Badges/National Park Service/Pennsylvania/015 - Eiseh sta.jpeg - 3a60751868.jpg,Image title did not match mapped site tokens
jr_pennsylvania_flight_93_nm,Pennsylvania,National Park Service,Flight 93 National Memorial,Edgar,/Users/carterswarm/Downloads/JR_Rewards_Badges/National Park Service/Pennsylvania/077 - Edgar.jpeg - 8604d97138.jpg,Image title did not match mapped site tokens
jr_pennsylvania_friendship_hill_nhs,Pennsylvania,National Park Service,Friendship Hill National Historic Site,For Nec pat2,/Users/carterswarm/Downloads/JR_Rewards_Badges/National Park Service/Pennsylvania/069 - For Nec pat2.jpeg - 1cc2b865ff.jpg,Image title did not match mapped site tokens
jr_pennsylvania_gettysburg_nmp,Pennsylvania,National Park Service,Gettysburg National Military Park,National Trails,/Users/carterswarm/Downloads/JR_Rewards_Badges/Stickers/_Agency Header/143 - National Trails - 411c4cd4ed.jpg,Image title did not match mapped site tokens
jr_pennsylvania_hopewell_furnace_nhs,Pennsylvania,National Park Service,Hopewell Furnace National Historic Site,National Trails,/Users/carterswarm/Downloads/JR_Rewards_Badges/Stickers/_Agency Header/142 - National Trails - 385996d96c.jpg,Image title did not match mapped site tokens
jr_south_carolina_ninety_six_nhs,South Carolina,National Park Service,Ninety Six National Historic Site,Fort Sumter star patch,/Users/carterswarm/Downloads/JR_Rewards_Badges/National Park Service/South Carolina/009 - Fort Sumter star patch.jpeg - 9e4d660ca6.jpg,Image title did not match mapped site tokens
jr_south_dakota_minuteman_missile_nhs,South Dakota,National Park Service,Minuteman Missile National Historic Site,MMM plastic Badge,/Users/carterswarm/Downloads/JR_Rewards_Badges/National Park Service/South Dakota/023 - MMM plastic Badge.jpeg - 360963c31a.jpg,Image title did not match mapped site tokens
jr_tennessee_fort_donelson_nb,Tennessee,National Park Service,Fort Donelson National Battlefield,Generic,/Users/carterswarm/Downloads/JR_Rewards_Badges/Bark Ranger/_Agency Header/040 - Generic - a69ea791dc.jpg,Image title did not match mapped site tokens
jr_texas_big_thicket_npr,Texas,National Park Service,Big Thicket National Preserve,ASL,/Users/carterswarm/Downloads/JR_Rewards_Badges/National Park Service/Texas/013 - ASL.jpeg - f3df8a0ff4.jpg,Image title did not match mapped site tokens
jr_texas_fort_davis_nhs,Texas,National Park Service,Fort Davis National Historic Site,cannon ball 2017,/Users/carterswarm/Downloads/JR_Rewards_Badges/And/Texas/160 - cannon ball 2017.jpeg - c7a996bf0c.jpg,Image title did not match mapped site tokens
jr_texas_lyndon_b_johnson_nhp,Texas,National Park Service,Lyndon B Johnson National Historical Park,LBJ Wooden,/Users/carterswarm/Downloads/JR_Rewards_Badges/National Park Service/Texas/037 - LBJ Wooden.jpeg - 8124563260.jpg,Image title did not match mapped site tokens
jr_texas_palo_alto_battlefield_nhp,Texas,National Park Service,Palo Alto Battlefield National Historical Park,National Trails,/Users/carterswarm/Downloads/JR_Rewards_Badges/Stickers/_Agency Header/162 - National Trails - 1585cef8d2.jpg,Image title did not match mapped site tokens
jr_utah_zion_np,Utah,National Park Service,Zion National Park,Zio4n,/Users/carterswarm/Downloads/JR_Rewards_Badges/National Park Service/Utah/003 - Zio4n.jpeg - 770bd33617.jpg,Image title did not match mapped site tokens
jr_virginia_appomattox_court_house_nhp,Virginia,National Park Service,Appomattox Court House National Historical Park,Lees Retreat,/Users/carterswarm/Downloads/JR_Rewards_Badges/National Park Service/Virginia/048 - Lees Retreat.jpeg - ca2e538444.jpg,Image title did not match mapped site tokens
jr_virginia_appomattox_court_house_nhp,Virginia,National Park Service,Appomattox Court House National Historical Park,Arlington 150,/Users/carterswarm/Downloads/JR_Rewards_Badges/National Park Service/Virginia/049 - Arlington 150.jpeg - 31425e2084.jpg,Image title did not match mapped site tokens
jr_virginia_booker_t_washington_nm,Virginia,National Park Service,Booker T Washington National Monument,Generic,/Users/carterswarm/Downloads/JR_Rewards_Badges/Bark Ranger/_Agency Header/014 - Generic - 44de3cc5b5.jpg,Image title did not match mapped site tokens
jr_virginia_booker_t_washington_nm,Virginia,National Park Service,Booker T Washington National Monument,Generic,/Users/carterswarm/Downloads/JR_Rewards_Badges/Bark Ranger/_Agency Header/015 - Generic - 98ce119ee5.jpg,Image title did not match mapped site tokens
jr_virginia_booker_t_washington_nm,Virginia,National Park Service,Booker T Washington National Monument,Generic,/Users/carterswarm/Downloads/JR_Rewards_Badges/Bark Ranger/_Agency Header/016 - Generic - a26c7844c0.jpg,Image title did not match mapped site tokens
jr_virginia_fredericksburg_and_spotsylvania_nmp,Virginia,National Park Service,Fredericksburg and Spotsylvania National Military Park,Chance2,/Users/carterswarm/Downloads/JR_Rewards_Badges/National Park Service/Virginia/066 - Chance2.jpeg - c8b070a9a8.jpg,Image title did not match mapped site tokens
jr_virginia_fredericksburg_and_spotsylvania_nmp,Virginia,National Park Service,Fredericksburg and Spotsylvania National Military Park,The Wilderness Rocker,/Users/carterswarm/Downloads/JR_Rewards_Badges/National Park Service/Virginia/070 - The Wilderness Rocker.jpeg - 948033ff8b.jpg,Image title did not match mapped site tokens
jr_virginia_richmond_nbp,Virginia,National Park Service,Richmond National Battlefield Park,National Trails,/Users/carterswarm/Downloads/JR_Rewards_Badges/Stickers/_Agency Header/134 - National Trails - b7442e94af.jpg,Image title did not match mapped site tokens
jr_virginia_back_bay_nwr,Vermont,National Wildlife Refuge,Back Bay National Wildlife Refuge,Great Dismal Swamp,/Users/carterswarm/Downloads/JR_Rewards_Badges/National Wildlife Refuge/Vermont/194 - Great Dismal Swamp.jpeg - 94cb0cbce1.jpg,Image title did not match mapped site tokens
jr_virginia_back_bay_nwr,Vermont,National Wildlife Refuge,Back Bay National Wildlife Refuge,Rap,/Users/carterswarm/Downloads/JR_Rewards_Badges/National Wildlife Refuge/Vermont/195 - Rap.jpeg - 216e4a1fa8.jpg,Image title did not match mapped site tokens
jr_alaska_chugach_nf,Alaska,U.S. Forest Service,Chugach National Forest,Beglich,/Users/carterswarm/Downloads/JR_Rewards_Badges/U.S. Forest Service/Alaska/025 - Beglich.jpeg - 4bc5ef30b0.jpg,Image title did not match mapped site tokens
jr_alaska_chugach_nf,Alaska,U.S. Forest Service,Chugach National Forest,Beg Sti,/Users/carterswarm/Downloads/JR_Rewards_Badges/U.S. Forest Service/Alaska/026 - Beg Sti.jpeg - a05dd70adc.jpg,Image title did not match mapped site tokens
jr_alaska_tongass_nf,Alaska,U.S. Forest Service,Tongass National Forest,Mendenhall Glacier,/Users/carterswarm/Downloads/JR_Rewards_Badges/U.S. Forest Service/Alaska/031 - Mendenhall Glacier.jpeg - 1b619fadee.jpg,Image title did not match mapped site tokens
jr_alaska_tongass_nf,Alaska,U.S. Forest Service,Tongass National Forest,Mendenhall Glacier bird,/Users/carterswarm/Downloads/JR_Rewards_Badges/U.S. Forest Service/Alaska/032 - Mendenhall Glacier bird.jpeg - a6b7f1cb50.jpg,Image title did not match mapped site tokens
jr_california_inyo_nf,California,U.S. Forest Service,Inyo National Forest,Mono Basin2,/Users/carterswarm/Downloads/JR_Rewards_Badges/U.S. Forest Service/California/046 - Mono Basin2.jpeg - 3bdc8ade39.jpg,Image title did not match mapped site tokens
jr_california_inyo_nf,California,U.S. Forest Service,Inyo National Forest,Manmmoth,/Users/carterswarm/Downloads/JR_Rewards_Badges/U.S. Forest Service/California/050 - Manmmoth.jpeg - 006ba1cfa7.jpg,Image title did not match mapped site tokens
jr_montana_helena_lewis_and_clark_nf,Montana,U.S. Forest Service,Lewis and Clark National Forest,earthquake lake patch,/Users/carterswarm/Downloads/JR_Rewards_Badges/U.S. Forest Service/Montana/086 - earthquake lake patch.jpeg - 82523354d6.jpg,Image title did not match mapped site tokens
jr_montana_helena_lewis_and_clark_nf,Montana,U.S. Forest Service,Lewis and Clark National Forest,earthquake lake,/Users/carterswarm/Downloads/JR_Rewards_Badges/U.S. Forest Service/Montana/087 - earthquake lake.jpeg - 32ea3a2be7.jpg,Image title did not match mapped site tokens
