state,agency,siteName,imageCount,resolvedImageCount,candidateName,reason
,Bureau of Land Management,Arctic Interagency Visitor Center,1,1,Arctic Interagency Visitor Center,No confident pin match
Arizona,Bureau of Land Management,Arizona National Scenic Trail,3,3,,No confident pin match
Arizona,Bureau of Land Management,Desert Fishes,1,1,Desert Fishes,No confident pin match
Colorado,Bureau of Land Management,Gold Belt Byway,2,2,Gold Belt Byway,No confident pin match
Idaho,Bureau of Land Management,Idaho jr,1,1,,No confident pin match
Idaho,Bureau of Land Management,Upper Snake,1,1,Upper Snake,No confident pin match
Nevada,Bureau of Land Management,Lovelock Cave Historic Site,1,1,Lovelock Cave Historic Site,No confident pin match
New Mexico,Bureau of Land Management,Prehistoric Trackways National Monument,1,1,Prehistoric Trackways National Monument,No confident pin match
North Dakota,Bureau of Land Management,Schnell Ranch Recreation Area,1,1,Schnell Ranch Recreation Area,No confident pin match
Oregon,Bureau of Land Management,Button Pins,1,1,Button Pins,No confident pin match
Oregon,Bureau of Land Management,Provolt Recreation Site,1,1,Provolt Recreation Site,No confident pin match
Oregon,Bureau of Land Management,Table Rocks Management Area,1,1,Table Rocks Management Area,No confident pin match
Utah,Bureau of Land Management,Cleveland-Lloyd Dinosaur Quarry (CLDQ) at Jurassic National Monument,1,1,Cleveland-Lloyd Dinosaur Quarry (CLDQ) at Jurassic National Monument,No confident pin match
Utah,Bureau of Land Management,Transcontinental Railroad,3,3,Transcontinental Railroad,No confident pin match
Washington,Bureau of Land Management,BLM SWAG,11,11,BLM SWAG,No confident pin match
Washington,Bureau of Land Management,El Centro Field Office,1,1,El Centro Field Office,No confident pin match
Washington,Bureau of Land Management,Santa Rosa and San Jacinto Mtns National Monument,2,2,Santa Rosa and San Jacinto Mtns National Monument,No confident pin match
Wyoming,Bureau of Land Management,Buffalo Field Office,2,2,Buffalo Field Office,No confident pin match
Wyoming,Bureau of Land Management,Miscellaneous,15,12,,No confident pin match
,National Park Service,Anacostia Park,3,3,Anacostia Park,No confident pin match
,National Park Service,Belmont-Paul Women's Equality National Monument,2,2,Belmont-Paul Women's Equality National Monument,No confident pin match
,National Park Service,Carter G. Woodson Home National Historic Site,3,3,Carter G. Woodson Home National Historic Site,No confident pin match
,National Park Service,Civil War Defenses of Washington,2,2,Civil War Defenses of Washington,No confident pin match
,National Park Service,Ford's Theatre,7,7,Ford's Theatre,No confident pin match
,National Park Service,Fort Dupont Park,2,2,Fort Dupont Park,No confident pin match
,National Park Service,Frederick Douglass National Historic Site,5,5,Frederick Douglass National Historic Site,No confident pin match
,National Park Service,Kenilworth Park and Aquatic Gardens,7,7,Kenilworth Park and Aquatic Gardens,No confident pin match
,National Park Service,Mary McLeod Bethune Council House National Historic Site,4,4,Mary McLeod Bethune Council House National Historic Site,No confident pin match
,National Park Service,National Park of American Samoa,5,5,,No confident pin match
,National Park Service,Old Post Office Tower,3,3,Old Post Office Tower,No confident pin match
,National Park Service,Presendential Inauguration,4,4,Presendential Inauguration,No confident pin match
,National Park Service,Resurrection City,1,1,Resurrection City,No confident pin match
,National Park Service,Salt River Bay National Historical Park and Ecological Preserve,2,2,Salt River Bay National Historical Park and Ecological Preserve,No confident pin match
,National Park Service,United States Navy Memorial,1,1,United States Navy Memorial,No confident pin match
,National Park Service,United States Park Police,2,2,United States Park Police,No confident pin match
,National Park Service,Virgin Islands National Park,8,8,,No confident pin match
,National Park Service,"White House Easter Egg Roll , 2 0 11 , Sticker",3,3,"White House Easter Egg Roll , 2 0 11 , Sticker",No confident pin match
Alaska,National Park Service,Alaska Adventure Ranger,2,2,Alaska Adventure Ranger,No confident pin match
Alaska,National Park Service,Alaska Greatland,3,3,Alaska Greatland,No confident pin match
Alaska,National Park Service,Alaska Junior Wildlife Ranger,3,3,Alaska Junior Wildlife Ranger,No confident pin match
Alaska,National Park Service,Alaska's National Units,1,1,,No confident pin match
Alaska,National Park Service,Aleutian World War II National Historic Area,1,1,Aleutian World War II National Historic Area,No confident pin match
Arizona,National Park Service,Coronado National Memorial,5,5,Coronado National Memorial,No confident pin match
Arizona,National Park Service,"Joint patch with Sunset Crater NM, Walnut Canyon NM, and W upatki NM",26,12,"Joint patch with Sunset Crater NM, Walnut Canyon NM, and W upatki NM",No confident pin match
Arizona,National Park Service,Montezuma Well,4,4,Montezuma Well,No confident pin match
Arizona,National Park Service,Navajo Nation Parks and Recreation,2,2,Navajo Nation Parks and Recreation,No confident pin match
Arizona,National Park Service,Parashant National Monument,4,4,Parashant National Monument,No confident pin match
Arizona,National Park Service,Tonto National Monument,7,7,Tonto National Monument,No confident pin match
Arizona,National Park Service,Tumacácori National Historical Park,4,4,Tumacácori National Historical Park,No confident pin match
Arkansas,National Park Service,Arkansas' National Units,12,12,,No confident pin match
Arkansas,National Park Service,"Fort Smith National Historic Site, AR, OK",7,7,"Fort Smith National Historic Site, AR, OK",No confident pin match
California,National Park Service,2019,26,12,,No confident pin match
California,National Park Service,Devils Postpile National Monument,3,3,Devils Postpile National Monument,No confident pin match
California,National Park Service,Juan Bautista de Anza National Historic Trail,6,6,Juan Bautista de Anza National Historic Trail,No confident pin match
California,National Park Service,"Old Spanish National Historic Trail, AZ,CA,CO,NV,NM,UT",9,9,"Old Spanish National Historic Trail, AZ,CA,CO,NV,NM,UT",No confident pin match
California,National Park Service,Rosie the Riveter WWII Home Front National Historical Park,6,6,Rosie the Riveter WWII Home Front National Historical Park,No confident pin match
Colorado,National Park Service,"California National Historic Trail, CA,CO,ID,KS,MO,NE,NV,OR,UT,WY",18,12,"California National Historic Trail, CA,CO,ID,KS,MO,NE,NV,OR,UT,WY",No confident pin match
Colorado,National Park Service,Colorado National Monument,13,12,,No confident pin match
Colorado,National Park Service,Colorado's National Units,1,1,,No confident pin match
Connecticut,National Park Service,Farmington National Wild and Scenic River,2,2,Farmington National Wild and Scenic River,No confident pin match
Delaware,National Park Service,"First State National Historical Park, DE,PA",5,5,"First State National Historical Park, DE,PA",No confident pin match
Florida,National Park Service,"Gulf Islands National Seashore , FL,MS",10,10,"Gulf Islands National Seashore , FL,MS",No confident pin match
Florida,National Park Service,Timucuan Ecological and Historic Preserve,4,4,Timucuan Ecological and Historic Preserve,No confident pin match
Florida,National Park Service,Timucuan Trail,2,2,Timucuan Trail,No confident pin match
Georgia,National Park Service,Georgia's National Units,3,3,,No confident pin match
Georgia,National Park Service,Ocmulgee National Historical Park,7,7,Ocmulgee National Historical Park,No confident pin match
Georgia,National Park Service,Roving Junior Ranger Program - Metro Atlanta,1,1,Roving Junior Ranger Program - Metro Atlanta,No confident pin match
Hawaii,National Park Service,Hawai'i Island National Parks,1,1,Hawai'i Island National Parks,No confident pin match
Hawaii,National Park Service,Hawai'i Pacific Parks,1,1,Hawai'i Pacific Parks,No confident pin match
Hawaii,National Park Service,Hawai'i Volcanoes National Park,10,10,Hawai'i Volcanoes National Park,No confident pin match
Hawaii,National Park Service,"WWII Valor in the Pacific National Monument, prior to March 12, 2019",1,1,"WWII Valor in the Pacific National Monument, prior to March 12, 2019",No confident pin match
Idaho,National Park Service,Idaho pix,1,1,,No confident pin match
Idaho,National Park Service,"Minidoka National Historic Site, ID,WA",3,3,"Minidoka National Historic Site, ID,WA",No confident pin match
Illinois,National Park Service,I and M Canal National Heritage Area,1,1,I and M Canal National Heritage Area,No confident pin match
Indiana,National Park Service,"Indiana Dunes National Lakeshore, before February 15, 2019",20,12,"Indiana Dunes National Lakeshore, before February 15, 2019",No confident pin match
Indiana,National Park Service,Indiana's National Units,8,8,,No confident pin match
Kentucky,National Park Service,"Cumberland Gap National Historical Park, KY,TN,VA",8,8,"Cumberland Gap National Historical Park, KY,TN,VA",No confident pin match
Kentucky,National Park Service,Patch on the left is embroidered whereas the patch on the right is a decal.,4,4,Patch on the left is embroidered whereas the patch on the right is a decal.,No confident pin match
Maine,National Park Service,Roosevelt Campobello International Park,1,1,Roosevelt Campobello International Park,No confident pin match
Maryland,National Park Service,Captain John Smith Chesapeake National Historic Trail,2,2,Captain John Smith Chesapeake National Historic Trail,No confident pin match
Maryland,National Park Service,"Chesapeake Bay, DC, DE, MD, NY, PA, VA, WV",9,9,"Chesapeake Bay, DC, DE, MD, NY, PA, VA, WV",No confident pin match
Maryland,National Park Service,"Chesapeake and Ohio Canal National Historical Park, DC MD, WV",7,7,"Chesapeake and Ohio Canal National Historical Park, DC MD, WV",No confident pin match
Maryland,National Park Service,Fort McHenry National Monument and Historic Shrine,9,9,Fort McHenry National Monument and Historic Shrine,No confident pin match
Maryland,National Park Service,"Star-Spangled Banner National Historic Trail, DC, MD, VA",3,3,"Star-Spangled Banner National Historic Trail, DC, MD, VA",No confident pin match
Massachusetts,National Park Service,"Longfellow National Historic Site, prior to December 22, 2010",2,2,"Longfellow National Historic Site, prior to December 22, 2010",No confident pin match
Massachusetts,National Park Service,The badges look the same but notice the hyphen on the badge to the right,2,2,The badges look the same but notice the hyphen on the badge to the right,No confident pin match
Massachusetts,National Park Service,US Lighthouse Service part of Boston Harbor Islands National Recreation Area,4,4,US Lighthouse Service part of Boston Harbor Islands National Recreation Area,No confident pin match
Michigan,National Park Service,Motor Cities National Heritage Area,1,1,Motor Cities National Heritage Area,No confident pin match
Minnesota,National Park Service,Mississippi National River and Recreation Area,4,4,,No confident pin match
Minnesota,National Park Service,"Saint Croix National Scenic Riverway, WI,MN ( See Wisconsin )",12,12,"Saint Croix National Scenic Riverway, WI,MN ( See Wisconsin )",No confident pin match
Mississippi,National Park Service,"Corinth part of Shiloh National Military Park , TN,MS, (Tennessee)",2,2,"Corinth part of Shiloh National Military Park , TN,MS, (Tennessee)",No confident pin match
Mississippi,National Park Service,Medgar and Myrlie Evers Home National Monument,4,4,Medgar and Myrlie Evers Home National Monument,No confident pin match
Missouri,National Park Service,Jeff Memorial,2,2,Jeff Memorial,No confident pin match
Missouri,National Park Service,Jeff Memorial 50th ann,1,1,Jeff Memorial 50th ann,No confident pin match
Missouri,National Park Service,Jeff Memorial science,1,1,Jeff Memorial science,No confident pin match
Missouri,National Park Service,Jefferson Arch Penny,1,1,Jefferson Arch Penny,No confident pin match
Missouri,National Park Service,Ozark National Scenic Riverways,6,6,Ozark National Scenic Riverways,No confident pin match
Montana,National Park Service,"Bighorn Canyon National Recreation Area, MT,WY",3,3,"Bighorn Canyon National Recreation Area, MT,WY",No confident pin match
Montana,National Park Service,Montana's National Units,5,5,,No confident pin match
Nebraska,National Park Service,"Homestead National Monument of America, prior to January 13, 2021",7,7,"Homestead National Monument of America, prior to January 13, 2021",No confident pin match
Nebraska,National Park Service,"Lewis and Clark National Historic Trail, Eleven States: ID,IL,IA,KS,MO,MT,NE,ND,OR,SD,WA",20,12,"Lewis and Clark National Historic Trail, Eleven States: ID,IL,IA,KS,MO,MT,NE,ND,OR,SD,WA",No confident pin match
Nebraska,National Park Service,Niobrara National Scenic River,3,3,Niobrara National Scenic River,No confident pin match
New Jersey,National Park Service,Paterson Great Falls National Historical Park,5,5,Paterson Great Falls National Historical Park,No confident pin match
New Mexico,National Park Service,El Camino Real de Tierra Adentro National Historic Trail,5,5,El Camino Real de Tierra Adentro National Historic Trail,No confident pin match
New Mexico,National Park Service,"Manhattan Project National Historical Park, NM,WA,TN (Also see Tennessee and Washington State )",4,4,"Manhattan Project National Historical Park, NM,WA,TN (Also see Tennessee and Washington State )",No confident pin match
New Mexico,National Park Service,Salinas Pueblo Missions National Monument,12,12,Salinas Pueblo Missions National Monument,No confident pin match
New Mexico,National Park Service,"Santa Fe National Historic Trail, CO,KS,MO,NM,OK",14,12,"Santa Fe National Historic Trail, CO,KS,MO,NM,OK",No confident pin match
New York,National Park Service,"Ellis Island, Part of Statue of Liberty National Monument",17,12,"Ellis Island, Part of Statue of Liberty National Monument",No confident pin match
New York,National Park Service,Erie Canalway National Heritage Corridor,3,3,Erie Canalway National Heritage Corridor,No confident pin match
New York,National Park Service,Manhattan Sites,2,2,Manhattan Sites,No confident pin match
New York,National Park Service,"National Parks of New York Harbor, Northern New Jersey and New York City, NY",1,1,"National Parks of New York Harbor, Northern New Jersey and New York City, NY",No confident pin match
New York,National Park Service,Theodore Roosevelt Inaugural National Historic Site,2,2,Theodore Roosevelt Inaugural National Historic Site,No confident pin match
North Carolina,National Park Service,"Blue Ridge National Parkway, NC, VA",8,8,"Blue Ridge National Parkway, NC, VA",No confident pin match
Oklahoma,National Park Service,Oklahoma Outdoor Junior Ranger,1,1,Oklahoma Outdoor Junior Ranger,No confident pin match
Oregon,National Park Service,"Lewis and Clark National Historical Park, OR,WA",14,12,"Lewis and Clark National Historical Park, OR,WA",No confident pin match
Oregon,National Park Service,"Oregon Caves National Monument, prior to December 19, 2014",3,3,"Oregon Caves National Monument, prior to December 19, 2014",No confident pin match
Pennsylvania,National Park Service,"Delaware Water Gap National Recreation Area, NJ, PA",10,10,"Delaware Water Gap National Recreation Area, NJ, PA",No confident pin match
Pennsylvania,National Park Service,"Germantown White House, part of Independence National Historical Park",2,2,"Germantown White House, part of Independence National Historical Park",No confident pin match
Pennsylvania,National Park Service,Schuylkill River Valley National Heritage Area,1,1,Schuylkill River Valley National Heritage Area,No confident pin match
Pennsylvania,National Park Service,"Upper Delaware Scenic and Recreation River, PA, NY",4,4,"Upper Delaware Scenic and Recreation River, PA, NY",No confident pin match
Pennsylvania,National Park Service,"Washington-Rochambeau National Historic Trail, MA,RI,CT,NY,NJ,PA,DE,MD,VA,DC",5,5,"Washington-Rochambeau National Historic Trail, MA,RI,CT,NY,NJ,PA,DE,MD,VA,DC",No confident pin match
Pennsylvania,National Park Service,Western Pennsylvania's Centennial Patch,1,1,Western Pennsylvania's Centennial Patch,No confident pin match
Rhode Island,National Park Service,"Blackstone River Valley National Historical Park, MA,RI",4,4,"Blackstone River Valley National Historical Park, MA,RI",No confident pin match
Rhode Island,National Park Service,John H. Chafee Blackstone River Valley National Heritage Corridor,6,6,John H. Chafee Blackstone River Valley National Heritage Corridor,No confident pin match
South Carolina,National Park Service,"Congaree Swamp National Monument, prior to November 10, 2003",2,2,"Congaree Swamp National Monument, prior to November 10, 2003",No confident pin match
South Carolina,National Park Service,"Overmountain Victory National Historic Trail, NC, SC, TN, VA",2,2,"Overmountain Victory National Historic Trail, NC, SC, TN, VA",No confident pin match
South Dakota,National Park Service,"Missouri National Recreational River, SD,NE",4,4,"Missouri National Recreational River, SD,NE",No confident pin match
South Dakota,National Park Service,South Dakota's National Units,8,8,,No confident pin match
Tennessee,National Park Service,Big South Fork National River and Recreation Area,10,10,Big South Fork National River and Recreation Area,No confident pin match
Tennessee,National Park Service,"Great Smoky Mountains National Park, NC, TN",20,12,"Great Smoky Mountains National Park, NC, TN",No confident pin match
Tennessee,National Park Service,Obed National Wild and Scenic River,4,4,Obed National Wild and Scenic River,No confident pin match
Tennessee,National Park Service,"Shiloh National Military Park, TN,MS, (See Mississippi too)",6,6,"Shiloh National Military Park, TN,MS, (See Mississippi too)",No confident pin match
Texas,National Park Service,"Both patches were giving out during Junior Ranger Day; April 21st, 2018",1,1,"Both patches were giving out during Junior Ranger Day; April 21st, 2018",No confident pin match
Utah,National Park Service,Miscellaneous,1,1,,No confident pin match
Virginia,National Park Service,"George Washington Memorial Parkway, DC, MD, VA",4,4,"George Washington Memorial Parkway, DC, MD, VA",No confident pin match
Virginia,National Park Service,"Historic Jamestowne, Part of Colonial National Historical Park",9,9,"Historic Jamestowne, Part of Colonial National Historical Park",No confident pin match
Virginia,National Park Service,"Overmountain Victory National Historic Trail, NC, SC, TN, VA, (South Carolina)",9,9,"Overmountain Victory National Historic Trail, NC, SC, TN, VA, (South Carolina)",No confident pin match
Virginia,National Park Service,Went along with the Tredegar Iron Works Patch,2,2,Went along with the Tredegar Iron Works Patch,No confident pin match
Virginia,National Park Service,"Yorktown Battlefield, Part of Colonial National Historical Park",10,10,"Yorktown Battlefield, Part of Colonial National Historical Park",No confident pin match
Washington,National Park Service,Ebey's Landing National Historical Reserve,3,3,Ebey's Landing National Historical Reserve,No confident pin match
Washington,National Park Service,"Fort Vancouver National Historic Site , WA, OR",5,5,"Fort Vancouver National Historic Site , WA, OR",No confident pin match
Washington,National Park Service,"Ice Age Floods National Geologic Trail, WA,OR,ID,MT",1,1,"Ice Age Floods National Geologic Trail, WA,OR,ID,MT",No confident pin match
Washington,National Park Service,"Manhattan Project National Historical Park, NM,WA,TN ( See Tennessee and New Mexico )",4,4,"Manhattan Project National Historical Park, NM,WA,TN ( See Tennessee and New Mexico )",No confident pin match
Washington,National Park Service,"Nez Perce National Historical Park, ID,MT,OR,WA",5,5,"Nez Perce National Historical Park, ID,MT,OR,WA",No confident pin match
Washington,National Park Service,"Whitman Mission National Historic Site , OR,WA",6,6,"Whitman Mission National Historic Site , OR,WA",No confident pin match
West Virginia,National Park Service,"Appalachian National Scenic Trail, Maine to Georgia, CT,GA,MA,MD,ME,NC,NH,NJ,NY,PA,TN,VA,VT,WV",6,6,"Appalachian National Scenic Trail, Maine to Georgia, CT,GA,MA,MD,ME,NC,NH,NJ,NY,PA,TN,VA,VT,WV",No confident pin match
West Virginia,National Park Service,Coal National Heritage Area,1,1,Coal National Heritage Area,No confident pin match
West Virginia,National Park Service,"Harpers Ferry National Historical Park, Harpers Ferry, WV,VA,MD",7,7,"Harpers Ferry National Historical Park, Harpers Ferry, WV,VA,MD",No confident pin match
Wisconsin,National Park Service,Ice Age National Scenic Trail,3,3,Ice Age National Scenic Trail,No confident pin match
Wisconsin,National Park Service,"Saint Croix, National Scenic Riverway, WI,MN",2,2,"Saint Croix, National Scenic Riverway, WI,MN",No confident pin match
Wyoming,National Park Service,"Washington, National Units",2,2,,No confident pin match
Wyoming,National Park Service,"Yellowstone National Park, ID, MT, WY",36,12,"Yellowstone National Park, ID, MT, WY",No confident pin match
,National Wildlife Refuge,Al ohn Heinz ey National Wildlife Refuge,1,1,Al ohn Heinz ey National Wildlife Refuge,No confident pin match
,National Wildlife Refuge,Banner2 National Wildlife Refuge,3,3,Banner2 National Wildlife Refuge,No confident pin match
,National Wildlife Refuge,Page Header National Wildlife Refuge,1,1,,No confident pin match
,National Wildlife Refuge,Sandy Point 340 773 4554 caribbeanisland fws gov Ed 2 23 26 National Wildlife Refuge,1,1,Sandy Point 340 773 4554 caribbeanisland fws gov Ed 2 23 26 National Wildlife Refuge,No confident pin match
,National Wildlife Refuge,banner3 National Wildlife Refuge,3,3,banner3 National Wildlife Refuge,No confident pin match
Alabama,National Wildlife Refuge,Wheeler National Wildlife Refuge,1,1,Wheeler National Wildlife Refuge,No confident pin match
Alaska,National Wildlife Refuge,Artic National Wildlife Refuge,1,1,Artic National Wildlife Refuge,No confident pin match
Alaska,National Wildlife Refuge,Kanuti National Wildlife Refuge,1,1,Kanuti National Wildlife Refuge,No confident pin match
Alaska,National Wildlife Refuge,Refuge Nat,1,1,Refuge Nat,No confident pin match
Alaska,National Wildlife Refuge,Tet National Wildlife Refuge,1,1,Tet National Wildlife Refuge,No confident pin match
Alaska,National Wildlife Refuge,Togiak National Wildlife Refuge,1,1,Togiak National Wildlife Refuge,No confident pin match
Alaska,National Wildlife Refuge,Yukon Flats National Wildlife Refuge,1,1,Yukon Flats National Wildlife Refuge,No confident pin match
Alaska,National Wildlife Refuge,koy National Wildlife Refuge,1,1,koy National Wildlife Refuge,No confident pin match
Arizona,National Wildlife Refuge,Cabeza National Wildlife Refuge,1,1,Cabeza National Wildlife Refuge,No confident pin match
Arkansas,National Wildlife Refuge,Dale Bumpers National Wildlife Refuge,1,1,Dale Bumpers National Wildlife Refuge,No confident pin match
California,National Wildlife Refuge,Hopper National Wildlife Refuge,1,1,Hopper National Wildlife Refuge,No confident pin match
California,National Wildlife Refuge,Humboldt Bay National Wildlife Refuge,3,3,Humboldt Bay National Wildlife Refuge,No confident pin match
California,National Wildlife Refuge,Modoc National Wildlife Refuge,1,1,Modoc National Wildlife Refuge,No confident pin match
California,National Wildlife Refuge,San Fran National Wildlife Refuge,3,3,San Fran National Wildlife Refuge,No confident pin match
California,National Wildlife Refuge,kern National Wildlife Refuge,1,1,kern National Wildlife Refuge,No confident pin match
Colorado,National Wildlife Refuge,Rocky Mout Aresenal National Wildlife Refuge,1,1,Rocky Mout Aresenal National Wildlife Refuge,No confident pin match
Colorado,National Wildlife Refuge,Rocky Mt Aresenal National Wildlife Refuge,1,1,Rocky Mt Aresenal National Wildlife Refuge,No confident pin match
Colorado,National Wildlife Refuge,Two Ponds National Wildlife Refuge,1,1,Two Ponds National Wildlife Refuge,No confident pin match
Delaware,National Wildlife Refuge,Primehook National Wildlife Refuge,1,1,Primehook National Wildlife Refuge,No confident pin match
Florida,National Wildlife Refuge,Arm National Wildlife Refuge,2,2,Arm National Wildlife Refuge,No confident pin match
Florida,National Wildlife Refuge,Fllorida Keys National Wildlife Refuge,1,1,Fllorida Keys National Wildlife Refuge,No confident pin match
Florida,National Wildlife Refuge,Lake Woodruff National Wildlife Refuge,1,1,Lake Woodruff National Wildlife Refuge,No confident pin match
Florida,National Wildlife Refuge,ding National Wildlife Refuge,1,1,ding National Wildlife Refuge,No confident pin match
Hawaii,National Wildlife Refuge,Kilauea National Wildlife Refuge,1,1,Kilauea National Wildlife Refuge,No confident pin match
Idaho,National Wildlife Refuge,Deer Flats National Wildlife Refuge,1,1,Deer Flats National Wildlife Refuge,No confident pin match
Louisiana,National Wildlife Refuge,Bay Sau National Wildlife Refuge,1,1,Bay Sau National Wildlife Refuge,No confident pin match
Louisiana,National Wildlife Refuge,Caddo Lake National Wildlife Refuge,1,1,Caddo Lake National Wildlife Refuge,No confident pin match
Louisiana,National Wildlife Refuge,Duc National Wildlife Refuge,1,1,Duc National Wildlife Refuge,No confident pin match
Louisiana,National Wildlife Refuge,Duck Junior National Wildlife Refuge,1,1,Duck Junior National Wildlife Refuge,No confident pin match
Louisiana,National Wildlife Refuge,Duck Stamps National Wildlife Refuge,2,2,Duck Stamps National Wildlife Refuge,No confident pin match
Louisiana,National Wildlife Refuge,Ju Du pat National Wildlife Refuge,1,1,Ju Du pat National Wildlife Refuge,No confident pin match
Louisiana,National Wildlife Refuge,SE Lou National Wildlife Refuge,1,1,SE Lou National Wildlife Refuge,No confident pin match
Louisiana,National Wildlife Refuge,black bayou lake National Wildlife Refuge,1,1,black bayou lake National Wildlife Refuge,No confident pin match
Louisiana,National Wildlife Refuge,bog chit National Wildlife Refuge,1,1,bog chit National Wildlife Refuge,No confident pin match
Louisiana,National Wildlife Refuge,sabine National Wildlife Refuge,1,1,sabine National Wildlife Refuge,No confident pin match
Louisiana,National Wildlife Refuge,sonny National Wildlife Refuge,1,1,sonny National Wildlife Refuge,No confident pin match
Maryland,National Wildlife Refuge,Agent of Discovery Patuxent National Wildlife Refuge,2,2,Agent of Discovery Patuxent National Wildlife Refuge,No confident pin match
Maryland,National Wildlife Refuge,Bla Pat National Wildlife Refuge,1,1,Bla Pat National Wildlife Refuge,No confident pin match
Maryland,National Wildlife Refuge,Bla Wat bad National Wildlife Refuge,1,1,Bla Wat bad National Wildlife Refuge,No confident pin match
Maryland,National Wildlife Refuge,Patuxent National Wildlife Refuge,1,1,Patuxent National Wildlife Refuge,No confident pin match
Maryland,National Wildlife Refuge,Patuxent2 National Wildlife Refuge,1,1,Patuxent2 National Wildlife Refuge,No confident pin match
Michigan,National Wildlife Refuge,Desoto National Wildlife Refuge,1,1,Desoto National Wildlife Refuge,No confident pin match
Michigan,National Wildlife Refuge,Neil Smith National Wildlife Refuge,1,1,Neil Smith National Wildlife Refuge,No confident pin match
Minnesota,National Wildlife Refuge,EXPLORER Minnesota Vailey National Wildlife Refuge,1,1,EXPLORER Minnesota Vailey National Wildlife Refuge,No confident pin match
Minnesota,National Wildlife Refuge,Minn Valley National Wildlife Refuge,1,1,Minn Valley National Wildlife Refuge,No confident pin match
Minnesota,National Wildlife Refuge,Minnesota Valley . National Wildlife Refuge,2,2,Minnesota Valley . National Wildlife Refuge,No confident pin match
Minnesota,National Wildlife Refuge,Minnesota Valley y National Wildlife Refuge,1,1,Minnesota Valley y National Wildlife Refuge,No confident pin match
Minnesota,National Wildlife Refuge,OUTDOOR EXPLORER Minnesota Valley National Wildlife Refuge,1,1,OUTDOOR EXPLORER Minnesota Valley National Wildlife Refuge,No confident pin match
Mississippi,National Wildlife Refuge,Noxubee National Wildlife Refuge,1,1,Noxubee National Wildlife Refuge,No confident pin match
Mississippi,National Wildlife Refuge,The Roo National Wildlife Refuge,1,1,The Roo National Wildlife Refuge,No confident pin match
Mississippi,National Wildlife Refuge,st chatherine National Wildlife Refuge,1,1,st chatherine National Wildlife Refuge,No confident pin match
Montana,National Wildlife Refuge,Ash Meadows National Wildlife Refuge,1,1,Ash Meadows National Wildlife Refuge,No confident pin match
Montana,National Wildlife Refuge,DEs National Wildlife Refuge,1,1,DEs National Wildlife Refuge,No confident pin match
Montana,National Wildlife Refuge,Lee Metcalf National Wildlife Refuge,1,1,Lee Metcalf National Wildlife Refuge,No confident pin match
Montana,National Wildlife Refuge,Moapa National Wildlife Refuge,1,1,Moapa National Wildlife Refuge,No confident pin match
Montana,National Wildlife Refuge,Par National Wildlife Refuge,1,1,Par National Wildlife Refuge,No confident pin match
Nebraska,National Wildlife Refuge,Bitter Lake1 National Wildlife Refuge,1,1,Bitter Lake1 National Wildlife Refuge,No confident pin match
Nebraska,National Wildlife Refuge,Bitter Lake2 National Wildlife Refuge,1,1,Bitter Lake2 National Wildlife Refuge,No confident pin match
Nebraska,National Wildlife Refuge,Bos National Wildlife Refuge,1,1,Bos National Wildlife Refuge,No confident pin match
Nebraska,National Wildlife Refuge,Boyer Chute National Wildlife Refuge,1,1,Boyer Chute National Wildlife Refuge,No confident pin match
Nebraska,National Wildlife Refuge,Desoto National Wildlife Refuge,1,1,Desoto National Wildlife Refuge,No confident pin match
Nebraska,National Wildlife Refuge,valley de oro National Wildlife Refuge,1,1,valley de oro National Wildlife Refuge,No confident pin match
Nevada,National Wildlife Refuge,ref pat National Wildlife Refuge,1,1,ref pat National Wildlife Refuge,No confident pin match
New Jersey,National Wildlife Refuge,capemay National Wildlife Refuge,1,1,capemay National Wildlife Refuge,No confident pin match
New York,National Wildlife Refuge,Mont National Wildlife Refuge,1,1,Mont National Wildlife Refuge,No confident pin match
New York,National Wildlife Refuge,O Long Island National Wildlife Refuge,1,1,O Long Island National Wildlife Refuge,No confident pin match
Oklahoma,National Wildlife Refuge,Cape Roman National Wildlife Refuge,1,1,Cape Roman National Wildlife Refuge,No confident pin match
Pennsylvania,National Wildlife Refuge,D SWAG National Wildlife Refuge,4,4,D SWAG National Wildlife Refuge,No confident pin match
Pennsylvania,National Wildlife Refuge,Genric National Wildlife Refuge,2,2,Genric National Wildlife Refuge,No confident pin match
Pennsylvania,National Wildlife Refuge,Tim National Wildlife Refuge,1,1,Tim National Wildlife Refuge,No confident pin match
Pennsylvania,National Wildlife Refuge,Tim pat National Wildlife Refuge,1,1,Tim pat National Wildlife Refuge,No confident pin match
Pennsylvania,National Wildlife Refuge,Willapa National Wildlife Refuge,1,1,Willapa National Wildlife Refuge,No confident pin match
Pennsylvania,National Wildlife Refuge,police National Wildlife Refuge,1,1,police National Wildlife Refuge,No confident pin match
Tennessee,National Wildlife Refuge,Ree National Wildlife Refuge,1,1,Ree National Wildlife Refuge,No confident pin match
Tennessee,National Wildlife Refuge,miss National Wildlife Refuge,1,1,miss National Wildlife Refuge,No confident pin match
Texas,National Wildlife Refuge,Ana National Wildlife Refuge,1,1,Ana National Wildlife Refuge,No confident pin match
Texas,National Wildlife Refuge,Balcones National Wildlife Refuge,1,1,Balcones National Wildlife Refuge,No confident pin match
Texas,National Wildlife Refuge,Bar Frog National Wildlife Refuge,1,1,Bar Frog National Wildlife Refuge,No confident pin match
Texas,National Wildlife Refuge,Bar fish National Wildlife Refuge,1,1,Bar fish National Wildlife Refuge,No confident pin match
Utah,National Wildlife Refuge,Bear Rvier National Wildlife Refuge,1,1,Bear Rvier National Wildlife Refuge,No confident pin match
Vermont,National Wildlife Refuge,Budding Naturalist National Wildlife Refuge,1,1,Budding Naturalist National Wildlife Refuge,No confident pin match
Vermont,National Wildlife Refuge,Chincotteague National Wildlife Refuge,2,2,Chincotteague National Wildlife Refuge,No confident pin match
Vermont,National Wildlife Refuge,Chincotteague patch2 National Wildlife Refuge,1,1,Chincotteague patch2 National Wildlife Refuge,No confident pin match
Vermont,National Wildlife Refuge,Vermont Chincoteague National Wildlife Refuge,1,1,Vermont Chincoteague National Wildlife Refuge,No confident pin match
Washington,National Wildlife Refuge,Leaven National Wildlife Refuge,1,1,Leaven National Wildlife Refuge,No confident pin match
Washington,National Wildlife Refuge,Nisqually National Wildlife Refuge,1,1,Nisqually National Wildlife Refuge,No confident pin match
Washington,National Wildlife Refuge,Willapa National Wildlife Refuge,1,1,Willapa National Wildlife Refuge,No confident pin match
West Virginia,National Wildlife Refuge,Ohio Riv National Wildlife Refuge,1,1,Ohio Riv National Wildlife Refuge,No confident pin match
Wisconsin,National Wildlife Refuge,Bio in training National Wildlife Refuge,1,1,Bio in training National Wildlife Refuge,No confident pin match
Wisconsin,National Wildlife Refuge,Fish National Wildlife Refuge,1,1,Fish National Wildlife Refuge,No confident pin match
Wisconsin,National Wildlife Refuge,Jr birder National Wildlife Refuge,1,1,Jr birder National Wildlife Refuge,No confident pin match
Wisconsin,National Wildlife Refuge,Mount Prairie Region National Wildlife Refuge,1,1,Mount Prairie Region National Wildlife Refuge,No confident pin match
Wisconsin,National Wildlife Refuge,National National Wildlife Refuge,5,5,,No confident pin match
Wisconsin,National Wildlife Refuge,Officer National Wildlife Refuge,1,1,Officer National Wildlife Refuge,No confident pin match
Wisconsin,National Wildlife Refuge,SE Louisanna National Wildlife Refuge,1,1,SE Louisanna National Wildlife Refuge,No confident pin match
Wisconsin,National Wildlife Refuge,Trempealeau 608 539 2311 SaM 2 23 26 Casey Bryan No program National Wildlife Refuge,1,1,Trempealeau 608 539 2311 SaM 2 23 26 Casey Bryan No program National Wildlife Refuge,No confident pin match
Wyoming,National Wildlife Refuge,Nec But National Wildlife Refuge,1,1,Nec But National Wildlife Refuge,No confident pin match
Wyoming,National Wildlife Refuge,Nec flo National Wildlife Refuge,1,1,Nec flo National Wildlife Refuge,No confident pin match
Wyoming,National Wildlife Refuge,Nec pri National Wildlife Refuge,1,1,Nec pri National Wildlife Refuge,No confident pin match
Wyoming,National Wildlife Refuge,elk pat National Wildlife Refuge,1,1,elk pat National Wildlife Refuge,No confident pin match
,Other,50th Ann NHPA,1,1,50th Ann NHPA,No confident pin match
,Other,50th Anniversary of the National Park Service,1,1,50th Anniversary of the National Park Service,No confident pin match
,Other,Acaida,1,1,Acaida,No confident pin match
,Other,"Adopt-A-Beach, New Jersey",13,12,"Adopt-A-Beach, New Jersey",No confident pin match
,Other,"Adopt-A-Beach, Texas",3,3,"Adopt-A-Beach, Texas",No confident pin match
,Other,All About Bats,1,1,All About Bats,No confident pin match
,Other,American Battle Monuments Commission,7,7,American Battle Monuments Commission,No confident pin match
,Other,American Sign Language Fishing Days,2,2,American Sign Language Fishing Days,No confident pin match
,Other,Australia,18,12,Australia,No confident pin match
,Other,Banner,2,2,,No confident pin match
,Other,Banner1,2,2,Banner1,No confident pin match
,Other,Bark Ranger Garfield,1,1,Bark Ranger Garfield,No confident pin match
,Other,Bark Ranger magnet,1,1,Bark Ranger magnet,No confident pin match
,Other,Bear Etiquette,7,7,Bear Etiquette,No confident pin match
,Other,Beg Sti,1,1,Beg Sti,No confident pin match
,Other,Blanks,28,12,Blanks,No confident pin match
,Other,Bos,1,1,Bos,No confident pin match
,Other,Brooks Lodge,5,5,Brooks Lodge,No confident pin match
,Other,Cali star purple bear,1,1,Cali star purple bear,No confident pin match
,Other,Canada,4,4,Canada,No confident pin match
,Other,Cent,1,1,Cent,No confident pin match
,Other,Centennial Lowman,1,1,Centennial Lowman,No confident pin match
,Other,Chu Sti,1,1,Chu Sti,No confident pin match
,Other,Civil Rights,1,1,Civil Rights,No confident pin match
,Other,Couch Ranger,1,1,Couch Ranger,No confident pin match
,Other,Discovering the Underground Railroad,3,3,Discovering the Underground Railroad,No confident pin match
,Other,Donate $5.00 to the monument and receive this pin.,1,1,Donate $5.00 to the monument and receive this pin.,No confident pin match
,Other,Eclipse Explorer,6,6,Eclipse Explorer,No confident pin match
,Other,El Camino Real de los Tejas National Historic Trail,2,2,El Camino Real de los Tejas National Historic Trail,No confident pin match
,Other,First Coast and Golden Isles,1,1,First Coast and Golden Isles,No confident pin match
,Other,Forest Service pix,1,1,,No confident pin match
,Other,Four Corners,1,1,Four Corners,No confident pin match
,Other,Furloughed Park Ranger,3,3,Furloughed Park Ranger,No confident pin match
,Other,GPS with the NPS,1,1,GPS with the NPS,No confident pin match
,Other,GSM,1,1,GSM,No confident pin match
,Other,Gen Bark,1,1,Gen Bark,No confident pin match
,Other,Germany,1,1,Germany,No confident pin match
,Other,Great Lakes,3,3,Great Lakes,No confident pin match
,Other,Hapers Ferry dog badeg,1,1,Hapers Ferry dog badeg,No confident pin match
,Other,Heartland Inventory and Monitoring Network,1,1,Heartland Inventory and Monitoring Network,No confident pin match
,Other,Historic Preservation,3,3,Historic Preservation,No confident pin match
,Other,History logo,1,1,History logo,No confident pin match
,Other,Hop fur,1,1,Hop fur,No confident pin match
,Other,Hopewell,3,3,Hopewell,No confident pin match
,Other,Inde,1,1,Inde,No confident pin match
,Other,Israel,3,3,Israel,No confident pin match
,Other,Jos,1,1,Jos,No confident pin match
,Other,Junior Archaeologist,2,2,Junior Archaeologist,No confident pin match
,Other,Junior Civil War Historian,2,2,Junior Civil War Historian,No confident pin match
,Other,Junior Paleontologist,5,5,Junior Paleontologist,No confident pin match
,Other,Junior Ranger Day,4,4,Junior Ranger Day,No confident pin match
,Other,"Junior Ranger, Generic",4,4,"Junior Ranger, Generic",No confident pin match
,Other,"Katmai National Park and Preserve, Brooks Orientation",1,1,"Katmai National Park and Preserve, Brooks Orientation",No confident pin match
,Other,"Katmai National Park and Preserve, Katmai Coast",2,2,"Katmai National Park and Preserve, Katmai Coast",No confident pin match
,Other,"Katmai National Park and Preserve, Katmai Wilderness",3,3,"Katmai National Park and Preserve, Katmai Wilderness",No confident pin match
,Other,Let's Go Fishing,1,1,Let's Go Fishing,No confident pin match
,Other,Logo 1,1,1,,No confident pin match
,Other,Logo banner,1,1,,No confident pin match
,Other,Logo2,1,1,Logo2,No confident pin match
,Other,Metal,4,4,Metal,No confident pin match
,Other,Midwest Region,1,1,Midwest Region,No confident pin match
,Other,Moj,1,1,Moj,No confident pin match
,Other,Mormon Pioneer National Historic Trail,2,2,Mormon Pioneer National Historic Trail,No confident pin match
,Other,NPS,2,2,NPS,No confident pin match
,Other,Nat,1,1,Nat,No confident pin match
,Other,National Capital Region,3,3,National Capital Region,No confident pin match
,Other,National Get Outdoor Day,1,1,National Get Outdoor Day,No confident pin match
,Other,National Order of the Arrow Conference,2,2,National Order of the Arrow Conference,No confident pin match
,Other,National Park Junior Ranger Virtual Programs.,6,6,National Park Junior Ranger Virtual Programs.,No confident pin match
,Other,National Park Travelers Club,2,2,National Park Travelers Club,No confident pin match
,Other,National Park Week,1,1,National Park Week,No confident pin match
,Other,National Parks Conservation Association,1,1,National Parks Conservation Association,No confident pin match
,Other,National Trails,97,12,National Trails,No confident pin match
,Other,Night Explorer,5,5,Night Explorer,No confident pin match
,Other,North Country National Scenic Trail,1,1,North Country National Scenic Trail,No confident pin match
,Other,Northwest National Parks,1,1,Northwest National Parks,No confident pin match
,Other,Ocean Conservation,1,1,Ocean Conservation,No confident pin match
,Other,Office of Law Enforcement,1,1,Office of Law Enforcement,No confident pin match
,Other,Oregon National Historic Trail,2,2,,No confident pin match
,Other,Park Explorer,1,1,,No confident pin match
,Other,Patch (ages 5 - 13) or keychain (ages 14 and up),2,2,Patch (ages 5 - 13) or keychain (ages 14 and up),No confident pin match
,Other,Peco Bark,1,1,Peco Bark,No confident pin match
,Other,Pilot,1,1,Pilot,No confident pin match
,Other,Pilot2,1,1,Pilot2,No confident pin match
,Other,Pink,1,1,Pink,No confident pin match
,Other,Plastic,9,9,,No confident pin match
,Other,Pony Express National Historic Trail,2,2,Pony Express National Historic Trail,No confident pin match
,Other,Pri Will,1,1,Pri Will,No confident pin match
,Other,Puu,1,1,Puu,No confident pin match
,Other,Railroad Explorer,1,1,Railroad Explorer,No confident pin match
,Other,Ranger hat white and black,1,1,Ranger hat white and black,No confident pin match
,Other,Rangers Against Drugs,3,3,Rangers Against Drugs,No confident pin match
,Other,SAG,1,1,SAG,No confident pin match
,Other,Saint,1,1,Saint,No confident pin match
,Other,Salem,1,1,Salem,No confident pin match
,Other,Salute to National Parks,1,1,Salute to National Parks,No confident pin match
,Other,Scout Jamboree,4,4,Scout Jamboree,No confident pin match
,Other,Scout Range r,4,4,Scout Range r,No confident pin match
,Other,Sierra De San Pedro Martir,1,1,Sierra De San Pedro Martir,No confident pin match
,Other,Size of a dime,24,12,Size of a dime,No confident pin match
,Other,Small Bark Ragner,1,1,Small Bark Ragner,No confident pin match
,Other,Small Genric,1,1,Small Genric,No confident pin match
,Other,Sound Explorer,2,2,Sound Explorer,No confident pin match
,Other,Southeast Archeological Center,3,3,Southeast Archeological Center,No confident pin match
,Other,Southern Campaign,1,1,Southern Campaign,No confident pin match
,Other,Spaceflight Explorer with NASA,1,1,Spaceflight Explorer with NASA,No confident pin match
,Other,Square,1,1,Square,No confident pin match
,Other,State Parks,4,4,State Parks,No confident pin match
,Other,TAl,1,1,TAl,No confident pin match
,Other,Tasmania,1,1,Tasmania,No confident pin match
,Other,The Roose Bark,1,1,The Roose Bark,No confident pin match
,Other,The program was developed to reward Brooks Camp visitors for outstanding behavior around bears.,35,12,The program was developed to reward Brooks Camp visitors for outstanding behavior around bears.,No confident pin match
,Other,These badges only existed as prototypes and were never ordered by the parks.,2,2,These badges only existed as prototypes and were never ordered by the parks.,No confident pin match
,Other,"Trail of Tears, National Historic Trail",2,2,"Trail of Tears, National Historic Trail",No confident pin match
,Other,Trails and Rails Program,14,12,Trails and Rails Program,No confident pin match
,Other,U.S Colored Troops,1,1,U.S Colored Troops,No confident pin match
,Other,USS Lexington Museum,1,1,USS Lexington Museum,No confident pin match
,Other,USS Midway Aircraft Carrier,3,3,USS Midway Aircraft Carrier,No confident pin match
,Other,Vacation Races Explorer Club,11,11,Vacation Races Explorer Club,No confident pin match
,Other,Warhawk Air Museum,1,1,Warhawk Air Museum,No confident pin match
,Other,Water Resources,2,2,Water Resources,No confident pin match
,Other,Web Ranger,3,3,Web Ranger,No confident pin match
,Other,Wilderness,2,2,Wilderness,No confident pin match
,Other,Wilderness Explorer,2,2,Wilderness Explorer,No confident pin match
,Other,Wildland Fire Management,6,6,Wildland Fire Management,No confident pin match
,Other,Wooden,1,1,,No confident pin match
,Other,Wooden Nickels,1,1,Wooden Nickels,No confident pin match
,Other,World Heritage in the United States,2,2,World Heritage in the United States,No confident pin match
,Other,gen1,1,1,gen1,No confident pin match
,Other,obed,1,1,obed,No confident pin match
,Other,ranger hat,1,1,ranger hat,No confident pin match
,Other,vic,1,1,vic,No confident pin match
Alaska,Other,Alaska Conservation Center,4,4,Alaska Conservation Center,No confident pin match
Arizona,Other,????? Do you anything about it?????,1,1,????? Do you anything about it?????,No confident pin match
California,Other,Sequoia and Kings Canyon Mountain,1,1,Sequoia and Kings Canyon Mountain,No confident pin match
Florida,Other,The Southeast Archeological Center,2,2,The Southeast Archeological Center,No confident pin match
Georgia,Other,Redwood Edventures Quest,26,12,Redwood Edventures Quest,No confident pin match
Hawaii,Other,PuUhonua O,1,1,PuUhonua O,No confident pin match
Kentucky,Other,Kentucky National Park Pentathlon,4,4,Kentucky National Park Pentathlon,No confident pin match
Louisiana,Other,"This badge is giving out as part of the junior ranger program, sometimes.",1,1,"This badge is giving out as part of the junior ranger program, sometimes.",No confident pin match
Maine,Other,Allagash,1,1,Allagash,No confident pin match
Maryland,Other,Catoction Mountain Outdoors Environmentalist,1,1,Catoction Mountain Outdoors Environmentalist,No confident pin match
Maryland,Other,Massachusettes,2,2,Massachusettes,No confident pin match
Maryland,Other,"Thomas Stone NHS, Hike 100",1,1,"Thomas Stone NHS, Hike 100",No confident pin match
Massachusetts,Other,Sudbury Assabet,1,1,Sudbury Assabet,No confident pin match
Missouri,Other,Jefferson National Expansion Memorial,1,1,Jefferson National Expansion Memorial,No confident pin match
New Jersey,Other,CBP Border Patrol,1,1,CBP Border Patrol,No confident pin match
New Jersey,Other,National Wildlife Federation,1,1,National Wildlife Federation,No confident pin match
New Jersey,Other,Wampanoag Tribe of Gay Head (Aquinnah),5,5,Wampanoag Tribe of Gay Head (Aquinnah),No confident pin match
New York,Other,Mohonk National Historic Landmark,1,1,Mohonk National Historic Landmark,No confident pin match
New York,Other,National Parks of Manahatta,2,2,National Parks of Manahatta,No confident pin match
Ohio,Other,This is an earned patch for completing a GPS booklet in Badlands NP.,2,2,This is an earned patch for completing a GPS booklet in Badlands NP.,No confident pin match
South Carolina,Other,Overmountain Victory National Historic Trail,2,2,Overmountain Victory National Historic Trail,No confident pin match
South Dakota,Other,Tennesse,6,6,Tennesse,No confident pin match
Washington,Other,Archaeology Program,1,1,Archaeology Program,No confident pin match
Washington,Other,Kids in Parks,3,3,Kids in Parks,No confident pin match
Washington,Other,"Outdoor Ethics, Leave No Trace",3,3,"Outdoor Ethics, Leave No Trace",No confident pin match
Washington,Other,Patch,5,5,,No confident pin match
Washington,Other,Ranger Rendezvous 42,1,1,Ranger Rendezvous 42,No confident pin match
Washington,Other,Take a Step; The Path to Sustainability,1,1,Take a Step; The Path to Sustainability,No confident pin match
Washington,Other,Washington D.C,2,2,,No confident pin match
Washington,Other,World Ranger Day,2,2,World Ranger Day,No confident pin match
Wyoming,Other,Agents of Discovery,20,12,Agents of Discovery,No confident pin match
Wyoming,Other,And Banner,1,1,,No confident pin match
Wyoming,Other,Misc...,2,2,Misc...,No confident pin match
Wyoming,Other,stuff banner,1,1,stuff banner,No confident pin match
Alabama,State Parks,Alabama State Parks,4,4,Alabama State Parks,No confident pin match
Alabama,State Parks,Green badge,1,1,Green badge,No confident pin match
Alabama,State Parks,Silver badge with hat,1,1,Silver badge with hat,No confident pin match
Alabama,State Parks,Wooden hat,1,1,Wooden hat,No confident pin match
Alaska,State Parks,Aka pin,1,1,Aka pin,No confident pin match
Alaska,State Parks,Den,1,1,Den,No confident pin match
Arizona,State Parks,Arizona State Parks,12,12,Arizona State Parks,No confident pin match
Arizona,State Parks,Catalina2,1,1,Catalina2,No confident pin match
Arizona,State Parks,Cattail,1,1,Cattail,No confident pin match
Arizona,State Parks,Fool Hollow,1,1,Fool Hollow,No confident pin match
Arizona,State Parks,For Ver,1,1,For Ver,No confident pin match
Arizona,State Parks,Jermoe,1,1,Jermoe,No confident pin match
Arizona,State Parks,Jermoe2,1,1,Jermoe2,No confident pin match
Arizona,State Parks,Kar,1,1,Kar,No confident pin match
Arizona,State Parks,Lake Havasu1,1,1,Lake Havasu1,No confident pin match
Arizona,State Parks,Lost Dutchman2,1,1,Lost Dutchman2,No confident pin match
Arizona,State Parks,Riordan,1,1,Riordan,No confident pin match
Arizona,State Parks,Tubac,1,1,Tubac,No confident pin match
Arizona,State Parks,Yuma,1,1,Yuma,No confident pin match
Arizona,State Parks,Yuma Territrial Prison button pin,1,1,Yuma Territrial Prison button pin,No confident pin match
Arizona,State Parks,tombstone1,1,1,tombstone1,No confident pin match
Arkansas,State Parks,Little Rock Parks and Recreation,1,1,Little Rock Parks and Recreation,No confident pin match
California,State Parks,Bal,1,1,Bal,No confident pin match
California,State Parks,Bear breast cancer patch,1,1,Bear breast cancer patch,No confident pin match
California,State Parks,Bear patch,1,1,Bear patch,No confident pin match
California,State Parks,Cal ran bud,1,1,Cal ran bud,No confident pin match
California,State Parks,Cali star purple bear,1,1,Cali star purple bear,No confident pin match
California,State Parks,Cat Isl con,1,1,Cat Isl con,No confident pin match
California,State Parks,Eagle patch,1,1,Eagle patch,No confident pin match
California,State Parks,Fol P,1,1,Fol P,No confident pin match
California,State Parks,Gho Roc,1,1,Gho Roc,No confident pin match
California,State Parks,Gray pin,1,1,Gray pin,No confident pin match
California,State Parks,Harbors Beach,1,1,Harbors Beach,No confident pin match
California,State Parks,Hea Cas,1,1,Hea Cas,No confident pin match
California,State Parks,Indian CAn,1,1,Indian CAn,No confident pin match
California,State Parks,Jun War,1,1,Jun War,No confident pin match
California,State Parks,Junior Lifegaurd,1,1,Junior Lifegaurd,No confident pin match
California,State Parks,K9,1,1,,No confident pin match
California,State Parks,Laguna,1,1,Laguna,No confident pin match
California,State Parks,Loa Flo,1,1,Loa Flo,No confident pin match
California,State Parks,Mendocino Headlands State Park,1,1,Mendocino Headlands State Park,No confident pin match
California,State Parks,Met St Ba,1,1,Met St Ba,No confident pin match
California,State Parks,Mor,1,1,Mor,No confident pin match
California,State Parks,Nat Bri,1,1,Nat Bri,No confident pin match
California,State Parks,Ohlone,1,1,Ohlone,No confident pin match
California,State Parks,Orange County Mane,1,1,Orange County Mane,No confident pin match
California,State Parks,Ot Va,1,1,Ot Va,No confident pin match
California,State Parks,Panther,1,1,Panther,No confident pin match
California,State Parks,Point Sur State Historic Park,1,1,Point Sur State Historic Park,No confident pin match
California,State Parks,Saddleback Butte State Park / Tule Elk State Natural Reserve,1,1,Saddleback Butte State Park / Tule Elk State Natural Reserve,No confident pin match
California,State Parks,San D,1,1,San D,No confident pin match
California,State Parks,Santa Barbara County Parks panther,1,1,Santa Barbara County Parks panther,No confident pin match
California,State Parks,Santa ana stic,1,1,Santa ana stic,No confident pin match
California,State Parks,Santa clara,1,1,Santa clara,No confident pin match
California,State Parks,Seacliff SB,1,1,Seacliff SB,No confident pin match
California,State Parks,So Co,1,1,So Co,No confident pin match
California,State Parks,Star,1,1,Star,No confident pin match
California,State Parks,Wil Lov,1,1,Wil Lov,No confident pin match
California,State Parks,Woodpecker patch,1,1,Woodpecker patch,No confident pin match
California,State Parks,button1,1,1,button1,No confident pin match
California,State Parks,button4,1,1,button4,No confident pin match
California,State Parks,cou san di,1,1,cou san di,No confident pin match
California,State Parks,soma county sticker,1,1,soma county sticker,No confident pin match
California,State Parks,soma county1,1,1,soma county1,No confident pin match
Colorado,State Parks,Chey pat,1,1,Chey pat,No confident pin match
Colorado,State Parks,Jefferson County,1,1,Jefferson County,No confident pin match
Colorado,State Parks,Mesa,1,1,Mesa,No confident pin match
Colorado,State Parks,North Cheyenne Canon Park,1,1,North Cheyenne Canon Park,No confident pin match
Colorado,State Parks,Pountain Creek,1,1,Pountain Creek,No confident pin match
Colorado,State Parks,Ridway,1,1,Ridway,No confident pin match
Colorado,State Parks,Roxborough,1,1,Roxborough,No confident pin match
Colorado,State Parks,Roy Gor,1,1,Roy Gor,No confident pin match
Connecticut,State Parks,Greenwich Point patch,1,1,Greenwich Point patch,No confident pin match
Florida,State Parks,Camper,1,1,Camper,No confident pin match
Florida,State Parks,Coral Park Explorer,1,1,Coral Park Explorer,No confident pin match
Florida,State Parks,Deer,1,1,Deer,No confident pin match
Florida,State Parks,Fox,1,1,Fox,No confident pin match
Florida,State Parks,Get Outdoors,1,1,Get Outdoors,No confident pin match
Florida,State Parks,Owl,1,1,Owl,No confident pin match
Florida,State Parks,SP Patch (2),1,1,,No confident pin match
Florida,State Parks,Talbot Islands State Parks,1,1,Talbot Islands State Parks,No confident pin match
Georgia,State Parks,Brasstown Bald,1,1,Brasstown Bald,No confident pin match
Georgia,State Parks,Indian Springs State Park,1,1,Indian Springs State Park,No confident pin match
Georgia,State Parks,Reynolds Mansion,1,1,Reynolds Mansion,No confident pin match
Idaho,State Parks,Castle Rock Badge,1,1,Castle Rock Badge,No confident pin match
Idaho,State Parks,Dwo,1,1,Dwo,No confident pin match
Idaho,State Parks,Fox,2,2,Fox,No confident pin match
Idaho,State Parks,Henrys Lake SP,1,1,Henrys Lake SP,No confident pin match
Idaho,State Parks,Ida bro,1,1,Ida bro,No confident pin match
Idaho,State Parks,Idaho State Parks,20,12,Idaho State Parks,No confident pin match
Idaho,State Parks,Lak Cas,1,1,Lak Cas,No confident pin match
Idaho,State Parks,Lak Wal,1,1,Lak Wal,No confident pin match
Idaho,State Parks,Mas Roc,1,1,Mas Roc,No confident pin match
Idaho,State Parks,Old Mis,1,1,Old Mis,No confident pin match
Idaho,State Parks,gen,1,1,gen,No confident pin match
Idaho,State Parks,winchester,1,1,winchester,No confident pin match
Illinois,State Parks,Walnut Point,1,1,Walnut Point,No confident pin match
Iowa,State Parks,Iowa Junior Naturalist,9,9,Iowa Junior Naturalist,No confident pin match
Iowa,State Parks,Jun Nat,1,1,Jun Nat,No confident pin match
Kentucky,State Parks,California State Parks,1,1,California State Parks,No confident pin match
Kentucky,State Parks,Kentucky State Parks Junior Naturalist,1,1,Kentucky State Parks Junior Naturalist,No confident pin match
Kentucky,State Parks,Lexington Parks and Recreation,1,1,Lexington Parks and Recreation,No confident pin match
Kentucky,State Parks,Mason County Parks,1,1,Mason County Parks,No confident pin match
Kentucky,State Parks,Orange County Parks,1,1,Orange County Parks,No confident pin match
Kentucky,State Parks,San Mateo County Parks,1,1,San Mateo County Parks,No confident pin match
Maine,State Parks,Allagash,1,1,Allagash,No confident pin match
Maine,State Parks,Maine State Parks,8,8,Maine State Parks,No confident pin match
Maryland,State Parks,Duc,1,1,Duc,No confident pin match
Maryland,State Parks,Maryland squirrel,1,1,Maryland squirrel,No confident pin match
Maryland,State Parks,Mncppc,1,1,Mncppc,No confident pin match
Massachusetts,State Parks,Cambridge,1,1,Cambridge,No confident pin match
Michigan,State Parks,Bay City,4,4,Bay City,No confident pin match
Michigan,State Parks,Oakland,1,1,Oakland,No confident pin match
Michigan,State Parks,Portage Parks,8,8,Portage Parks,No confident pin match
Montana,State Parks,Genric plastic,1,1,Genric plastic,No confident pin match
Nebraska,State Parks,Ano,1,1,Ano,No confident pin match
Nebraska,State Parks,Beaver Jr Naturalist,1,1,Beaver Jr Naturalist,No confident pin match
Nebraska,State Parks,Jr Nat,1,1,Jr Nat,No confident pin match
Nebraska,State Parks,Nature Explorer,1,1,Nature Explorer,No confident pin match
Nebraska,State Parks,Nebraska State Parks,12,12,Nebraska State Parks,No confident pin match
Nebraska,State Parks,Raccoon Ranger hat,1,1,Raccoon Ranger hat,No confident pin match
Nebraska,State Parks,watershed patch,1,1,watershed patch,No confident pin match
Nevada,State Parks,Berlin,1,1,Berlin,No confident pin match
Nevada,State Parks,Cat Gor,1,1,Cat Gor,No confident pin match
Nevada,State Parks,Cave Lake,1,1,Cave Lake,No confident pin match
Nevada,State Parks,Ker rya,1,1,Ker rya,No confident pin match
Nevada,State Parks,Lake Tah,1,1,Lake Tah,No confident pin match
Nevada,State Parks,May Arboretum,3,3,May Arboretum,No confident pin match
Nevada,State Parks,Mor sta,1,1,Mor sta,No confident pin match
Nevada,State Parks,State Sitck,1,1,State Sitck,No confident pin match
Nevada,State Parks,Was,1,1,Was,No confident pin match
Nevada,State Parks,fort chu,1,1,fort chu,No confident pin match
Nevada,State Parks,gen,1,1,gen,No confident pin match
Nevada,State Parks,ward,1,1,ward,No confident pin match
Nevada,State Parks,wild Hor,1,1,wild Hor,No confident pin match
New Hampshire,State Parks,Lamprey River Patch,1,1,Lamprey River Patch,No confident pin match
New Jersey,State Parks,Burlington County,1,1,Burlington County,No confident pin match
New Mexico,State Parks,Coronado Patch (1),1,1,Coronado Patch (1),No confident pin match
New Mexico,State Parks,Jemez Historic Site,1,1,Jemez Historic Site,No confident pin match
New Mexico,State Parks,Raccoon Holding bag,1,1,Raccoon Holding bag,No confident pin match
New York,State Parks,Jr Nat1,1,1,Jr Nat1,No confident pin match
New York,State Parks,Jr Nat2,1,1,Jr Nat2,No confident pin match
Pennsylvania,State Parks,I love,1,1,I love,No confident pin match
Pennsylvania,State Parks,Pennsylvania State Parks,7,7,Pennsylvania State Parks,No confident pin match
South Carolina,State Parks,South Carolina State Parks,1,1,South Carolina State Parks,No confident pin match
South Dakota,State Parks,Buffalo patch,1,1,Buffalo patch,No confident pin match
South Dakota,State Parks,Fox Patch,1,1,Fox Patch,No confident pin match
South Dakota,State Parks,aturalist Aide Patch (4),1,1,aturalist Aide Patch (4),No confident pin match
Tennessee,State Parks,Shelby Farms Park,3,3,Shelby Farms Park,No confident pin match
Tennessee,State Parks,Warner Parks,1,1,Warner Parks,No confident pin match
Texas,State Parks,Goo Is,1,1,Goo Is,No confident pin match
Texas,State Parks,Level One,1,1,Level One,No confident pin match
Texas,State Parks,Level Three,1,1,Level Three,No confident pin match
Texas,State Parks,Level Two,1,1,Level Two,No confident pin match
Texas,State Parks,Poss um Kingdom SP,1,1,Poss um Kingdom SP,No confident pin match
Texas,State Parks,The Alamo,1,1,The Alamo,No confident pin match
Unknown - Alaska and Pacific State Parks,State Parks,Unidentified State Parks images - Alaska and Pacific State Parks,25,12,Unidentified State Parks images - Alaska and Pacific State Parks,No confident pin match
Unknown - Intermountain State Parks,State Parks,Unidentified State Parks images - Intermountain State Parks,83,12,Unidentified State Parks images - Intermountain State Parks,No confident pin match
Unknown - Intermountain State Parks,State Parks,Wooden Genric,1,1,Wooden Genric,No confident pin match
Unknown - Midwest State Parks,State Parks,Unidentified State Parks images - Midwest State Parks,98,12,Unidentified State Parks images - Midwest State Parks,No confident pin match
Unknown - Northeast State Parks,State Parks,Unidentified State Parks images - Northeast State Parks,36,12,Unidentified State Parks images - Northeast State Parks,No confident pin match
Unknown - Southeast State Parks,State Parks,Junior Naturalist With Squirrel Patch.jp,1,1,Junior Naturalist With Squirrel Patch.jp,No confident pin match
Unknown - Southeast State Parks,State Parks,Unidentified State Parks images - Southeast State Parks,21,12,Unidentified State Parks images - Southeast State Parks,No confident pin match
Utah,State Parks,Anasazi,1,1,Anasazi,No confident pin match
Utah,State Parks,Camp Floyd,1,1,Camp Floyd,No confident pin match
Utah,State Parks,Gr Salt,1,1,Gr Salt,No confident pin match
Utah,State Parks,Utah State Parks,19,12,Utah State Parks,No confident pin match
Utah,State Parks,kokachrome,1,1,kokachrome,No confident pin match
Virginia,State Parks,Bre int 1,2,2,Bre int 1,No confident pin match
Virginia,State Parks,Firs,1,1,Firs,No confident pin match
Virginia,State Parks,Frying Pan,1,1,Frying Pan,No confident pin match
Virginia,State Parks,Hun Mo,1,1,Hun Mo,No confident pin match
Virginia,State Parks,Nat bri,1,1,Nat bri,No confident pin match
Virginia,State Parks,Poco,1,1,Poco,No confident pin match
Virginia,State Parks,Sailors Creek,1,1,Sailors Creek,No confident pin match
Virginia,State Parks,Staunton River,1,1,Staunton River,No confident pin match
Virginia,State Parks,kip pat,1,1,kip pat,No confident pin match
Virginia,State Parks,mac,1,1,mac,No confident pin match
Virginia,State Parks,shen,1,1,shen,No confident pin match
Washington,State Parks,Beaver with hat and bic,1,1,Beaver with hat and bic,No confident pin match
Washington,State Parks,Button 1,1,1,Button 1,No confident pin match
Washington,State Parks,Button 2,1,1,Button 2,No confident pin match
Washington,State Parks,PGE,1,1,PGE,No confident pin match
Washington,State Parks,Snohomish,1,1,Snohomish,No confident pin match
Washington,State Parks,Wash Button Pin,1,1,Wash Button Pin,No confident pin match
West Virginia,State Parks,rock,1,1,rock,No confident pin match
Wisconsin,State Parks,DNR 1985,5,5,DNR 1985,No confident pin match
Wisconsin,State Parks,DNR Boat Safety,1,1,DNR Boat Safety,No confident pin match
Wisconsin,State Parks,DNR Jr Angler,1,1,DNR Jr Angler,No confident pin match
Wisconsin,State Parks,DNR Mushroom,1,1,DNR Mushroom,No confident pin match
Wisconsin,State Parks,DNR butterfly,1,1,DNR butterfly,No confident pin match
Wisconsin,State Parks,Eagle Cave Patch (1),3,3,Eagle Cave Patch (1),No confident pin match
Wisconsin,State Parks,Explore,1,1,Explore,No confident pin match
Wisconsin,State Parks,Explore2,1,1,Explore2,No confident pin match
Wisconsin,State Parks,Ham ex,1,1,Ham ex,No confident pin match
Wisconsin,State Parks,badger,1,1,badger,No confident pin match
Wisconsin,State Parks,leaf,1,1,leaf,No confident pin match
Wyoming,State Parks,Wyoming F and Game,1,1,Wyoming F and Game,No confident pin match
,U.S. Army Corps of Engineers,Genric,1,1,Genric,No confident pin match
,U.S. Army Corps of Engineers,Long,1,1,Long,No confident pin match
,U.S. Army Corps of Engineers,Play it safe,2,2,Play it safe,No confident pin match
,U.S. Army Corps of Engineers,Safety Patrol,1,1,Safety Patrol,No confident pin match
,U.S. Army Corps of Engineers,U.S Army Corps of Engineers,12,12,U.S Army Corps of Engineers,No confident pin match
California,U.S. Army Corps of Engineers,Lake mendocino,1,1,Lake mendocino,No confident pin match
California,U.S. Army Corps of Engineers,stan,1,1,stan,No confident pin match
Connecticut,U.S. Army Corps of Engineers,Ho La,1,1,Ho La,No confident pin match
Georgia,U.S. Army Corps of Engineers,craters lake,1,1,craters lake,No confident pin match
Kentucky,U.S. Army Corps of Engineers,Gren Riv,1,1,Gren Riv,No confident pin match
Kentucky,U.S. Army Corps of Engineers,Lake Cum,1,1,Lake Cum,No confident pin match
Massachusetts,U.S. Army Corps of Engineers,Cap Cod2,1,1,Cap Cod2,No confident pin match
Minnesota,U.S. Army Corps of Engineers,Life Jackets,1,1,Life Jackets,No confident pin match
Mississippi,U.S. Army Corps of Engineers,Tenn,1,1,Tenn,No confident pin match
Missouri,U.S. Army Corps of Engineers,St Lou,1,1,St Lou,No confident pin match
North Carolina,U.S. Army Corps of Engineers,Falls,1,1,Falls,No confident pin match
North Carolina,U.S. Army Corps of Engineers,Jordan,1,1,Jordan,No confident pin match
North Carolina,U.S. Army Corps of Engineers,W. Kerr Scott,2,2,W. Kerr Scott,No confident pin match
Ohio,U.S. Army Corps of Engineers,Deer C,1,1,Deer C,No confident pin match
Ohio,U.S. Army Corps of Engineers,Del BR,1,1,Del BR,No confident pin match
Oklahoma,U.S. Army Corps of Engineers,Keysto,1,1,Keysto,No confident pin match
Oklahoma,U.S. Army Corps of Engineers,McC Ker,1,1,McC Ker,No confident pin match
Oregon,U.S. Army Corps of Engineers,Bonneville badge2,1,1,Bonneville badge2,No confident pin match
Pennsylvania,U.S. Army Corps of Engineers,Raystown,1,1,Raystown,No confident pin match
Pennsylvania,U.S. Army Corps of Engineers,Tigoa,1,1,Tigoa,No confident pin match
Tennessee,U.S. Army Corps of Engineers,J Per,1,1,J Per,No confident pin match
Texas,U.S. Army Corps of Engineers,Cap Cod,1,1,Cap Cod,No confident pin match
Virginia,U.S. Army Corps of Engineers,Jo H Ker,1,1,Jo H Ker,No confident pin match
Virginia,U.S. Army Corps of Engineers,phil,1,1,phil,No confident pin match
Washington,U.S. Army Corps of Engineers,Ice Har,1,1,Ice Har,No confident pin match
,U.S. Forest Service,Puerto Rico,1,1,,No confident pin match
Alaska,U.S. Forest Service,Eldor ado National Forest,2,2,Eldor ado National Forest,No confident pin match
Alaska,U.S. Forest Service,Rise to the Future Fish Alaska's NFs,7,7,Rise to the Future Fish Alaska's NFs,No confident pin match
Arizona,U.S. Forest Service,Coconino National Forest,3,3,Coconino National Forest,No confident pin match
Arizona,U.S. Forest Service,Coronado National Forest,3,3,Coronado National Forest,No confident pin match
Arizona,U.S. Forest Service,Kaibab National Forest,3,3,Kaibab National Forest,No confident pin match
California,U.S. Forest Service,Miscellaneous,25,12,,No confident pin match
Colorado,U.S. Forest Service,Arapaho National Forest,1,1,Arapaho National Forest,No confident pin match
Colorado,U.S. Forest Service,"Chimney Rock, San Juan National Forest",5,5,"Chimney Rock, San Juan National Forest",No confident pin match
Colorado,U.S. Forest Service,Estes Park,2,2,Estes Park,No confident pin match
Idaho,U.S. Forest Service,Caribou-Targhee National Forest and Curlew National Grassland,1,1,Caribou-Targhee National Forest and Curlew National Grassland,No confident pin match
Nebraska,U.S. Forest Service,Hudson Ming,1,1,Hudson Ming,No confident pin match
Nebraska,U.S. Forest Service,Pike-San Isabel National Forests and Cimarron and Comanche National Grasslands,1,1,Pike-San Isabel National Forests and Cimarron and Comanche National Grasslands,No confident pin match
Nebraska,U.S. Forest Service,Rio Grande N ational Forest,2,2,Rio Grande N ational Forest,No confident pin match
Nevada,U.S. Forest Service,Toiyabe National Forest,3,3,Toiyabe National Forest,No confident pin match
New Hampshire,U.S. Forest Service,Prevent Forest fires,1,1,Prevent Forest fires,No confident pin match
New Hampshire,U.S. Forest Service,Whi Mou,1,1,Whi Mou,No confident pin match
New Mexico,U.S. Forest Service,Fire Prevention,1,1,Fire Prevention,No confident pin match
New Mexico,U.S. Forest Service,Junior Snow Ranger,4,4,Junior Snow Ranger,No confident pin match
New Mexico,U.S. Forest Service,Smokey's Fire Patrol,2,2,Smokey's Fire Patrol,No confident pin match
New Mexico,U.S. Forest Service,Smokey's Ranger In Training,2,2,Smokey's Ranger In Training,No confident pin match
New Mexico,U.S. Forest Service,Swag!,4,4,Swag!,No confident pin match
New Mexico,U.S. Forest Service,Thea Marie Garrett (She/her),1,1,Thea Marie Garrett (She/her),No confident pin match
North Carolina,U.S. Forest Service,Cradle of Forestry in America,4,4,Cradle of Forestry in America,No confident pin match
Oregon,U.S. Forest Service,Mount Hood National Forest,2,2,Mount Hood National Forest,No confident pin match
Oregon,U.S. Forest Service,"National Interagency Fire Center (NIFC) in Boise, Idaho",3,3,"National Interagency Fire Center (NIFC) in Boise, Idaho",No confident pin match
Oregon,U.S. Forest Service,Sawtooth National Forest,4,4,Sawtooth National Forest,No confident pin match
Oregon,U.S. Forest Service,Siuslaw National Forest,2,2,Siuslaw National Forest,No confident pin match
Oregon,U.S. Forest Service,Willamette National Forest,1,1,Willamette National Forest,No confident pin match
South Dakota,U.S. Forest Service,Bessey Recreation Complex and Campground,2,2,Bessey Recreation Complex and Campground,No confident pin match
Washington,U.S. Forest Service,Gifford Pinchot National Forest,6,6,Gifford Pinchot National Forest,No confident pin match
